0.668775	-0.062318943	0.11484313	-0.019857053	-0.09564914	-0.33090076	0.106474526	-0.04017404	0.018936682	-0.024266949	-0.08211932	0.06551546	0.0038512326	-0.020350996	-0.025250612	0.046353582
0.5449865	-0.011177173	0.03270369	0.02592445	-0.10758316	-0.27384955	0.062436305	-0.009196787	-0.042679094	-0.019329572	-0.02435515	-0.02701518	0.057020623	-0.006128016	0.020792944	0.014467077
0.9093522	0.28822222	-0.21005677	0.28467438	-0.4463308	-0.61977196	-0.21896018	0.2853463	-0.31148088	0.21908696	0.28583607	-0.2398321	-0.26749292	0.26909	-0.25756678	-0.3434023
0.5186082	0.001754698	0.00597116	0.05989476	-0.15368241	-0.2450231	0.042414077	0.036400076	0.0059618447	0.0480775	-0.016846018	0.0070863394	0.013475424	0.050654043	-0.073165394	0.021876948
0.5193572	-0.11947427	0.11836869	-0.04679082	-0.051416524	-0.11460762	0.12858644	-0.12712972	0.09262404	-0.099067904	-0.16002496	0.08179691	0.09530823	-0.098371014	0.10369371	0.07415167
0.5184525	-0.06492084	0.09446116	-0.0014861298	-0.07690733	-0.20005764	0.084820345	-0.06299739	0.03762696	-0.0073821223	0.0075159464	-0.009328429	0.06104946	-0.05470043	0.04805167	0.015838446
0.4633427	0.16820976	-0.17468455	0.20646672	-0.2390716	-0.3905668	-0.08231837	0.15071198	-0.2015041	0.14593561	0.16194825	-0.17089985	-0.14622276	0.21331464	-0.15336846	-0.2104857
0.368148	-0.11353254	0.14593264	-0.051115215	0.048221555	-0.060914982	0.1052557	-0.026090365	0.10621106	-0.08635844	-0.12241098	0.11679217	0.06281762	-0.086991765	0.12462205	0.06605688
0.5374634	-0.06956839	0.0655025	0.0083032455	-0.034347378	-0.13695723	0.12131926	-0.036380503	0.028059987	-0.05110885	-0.083788946	0.074732944	0.039397538	-0.045119356	0.06704137	-0.020706406
0.5934997	-0.1053989	0.13522108	-0.114197314	0.03139875	-0.093586296	0.13040484	-0.09904974	0.1104254	-0.16712761	-0.15393358	0.14656562	0.12367361	-0.15027787	0.05659789	0.10738368
0.23388043	-0.075103134	0.09301369	-0.059697255	-0.026984785	-0.08726935	0.089903094	-0.07588834	0.08175391	-0.03283366	-0.08977558	0.08241471	0.011389495	-0.06660963	0.06204947	0.061958715
0.34319004	0.11794925	-0.09614566	0.060920745	-0.19256988	-0.25250173	0.0054312698	0.04550628	-0.12296581	0.07611025	0.036219	-0.022291375	-0.08589032	0.10929239	-0.10131515	-0.057697352
0.5521032	-0.043819208	0.04910953	0.05047088	-0.08096159	-0.16552113	0.019024512	-0.015485447	0.023797855	-0.0373632	0.009066433	0.062156238	0.019886112	0.02236141	0.020509256	-0.023686923
0.41256648	-0.9322814	0.97477627	-0.9686382	0.8461874	0.7691694	0.9648204	-0.9266992	0.9275516	-1.006671	-0.9964242	0.93012816	1.0302589	-0.995527	1.0155636	0.9736708
0.4344132	-0.051192194	0.041581333	0.02291591	-0.09366204	-0.08405348	0.08319309	-0.055903386	-0.02760237	-0.025453009	-0.022109253	0.016900128	0.006730928	-0.06635228	0.027125629	0.034541007
0.413091	-0.097094685	0.08322812	-0.019869698	0.009300134	-0.036051318	0.114979655	-0.07928283	0.034812167	-0.041870687	-0.064764634	0.041897956	0.12998652	-0.10669691	0.061540224	0.030784432
0.41964343	0.17824985	-0.20046316	0.27574378	-0.26713318	-0.39635554	-0.17660837	0.23872334	-0.23167107	0.2190867	0.22284691	-0.20621988	-0.21134011	0.2341219	-0.22578229	-0.25703874
0.2856054	0.17384332	-0.1487772	0.17862985	-0.21171361	-0.33255884	-0.21899185	0.21246341	-0.2154731	0.19652028	0.19034362	-0.21709883	-0.23488837	0.24406487	-0.26074213	-0.25405174
0.51419705	1.2383901	-1.3056419	1.3167344	-1.2761828	-1.2015358	-1.1831598	1.3520648	-1.2582524	1.4680327	1.3213884	-1.337682	-1.3679348	1.4299594	-1.2853397	-1.3314505
0.4608452	0.83169186	-0.8289805	0.91975373	-0.8793345	-0.8707468	-0.7530482	0.8936466	-0.8953381	0.87524605	0.9231422	-0.79350567	-0.91353357	0.926698	-0.89323646	-0.8872032
0.3570685	0.010242036	-0.03753319	0.041882396	-0.07477864	-0.18159856	0.050345197	0.030130407	-0.035911106	0.02527763	0.07226807	-0.004940679	-0.004878647	0.034758944	-0.022027694	-0.071205266
0.30164513	-0.18594393	0.1716751	-0.17132397	0.1542341	0.0061131353	0.24615249	-0.2326585	0.15269688	-0.2552513	-0.19297327	0.14612404	0.18543644	-0.2404449	0.195274	0.1838387
0.34488535	0.12070783	-0.17218268	0.15510319	-0.19988386	-0.3179993	-0.15527564	0.16418734	-0.17654851	0.16114321	0.17240587	-0.17829356	-0.13815694	0.17059806	-0.13644725	-0.15498772
0.05456256	0.09272172	-0.16291696	0.12358842	-0.152701	-0.24571496	-0.085832015	0.17806342	-0.13886061	0.16973121	0.08947231	-0.11619801	-0.13750938	0.081098676	-0.09700699	-0.14169396
0.1805436	0.12958509	-0.14014582	0.07966302	-0.15347475	-0.21659581	-0.069207855	0.13363905	-0.12498957	0.09851245	0.08182073	-0.10558569	-0.064630575	0.09441464	-0.06549253	-0.07545572
0.22538981	0.21741344	-0.17819095	0.32427952	-0.2919725	-0.3581318	-0.2091863	0.2168954	-0.30164546	0.23390922	0.22802788	-0.21934581	-0.27214482	0.29264483	-0.23208737	-0.23446456
0.28039378	0.0039964044	0.0030930447	0.02964485	-0.05163475	-0.16063516	0.00532838	0.025267283	-0.0032743518	0.018030858	0.018862365	-0.09706836	-0.07339281	0.08932754	-0.008377665	-0.027278665
0.30056933	0.19366485	-0.18071654	0.12931392	-0.16982743	-0.2721308	-0.11400951	0.1327728	-0.20109975	0.11301768	0.14937617	-0.1366872	-0.1289678	0.1650707	-0.21165423	-0.16875194
0.40843344	-0.003732335	0.035199437	-0.032609124	0.005012225	-0.06656834	0.083938956	-0.058079746	0.033457786	-0.11503865	-0.07372754	0.10956299	0.051176153	-0.098211974	0.026256967	0.07798196
0.30070785	-0.08998613	0.15668663	-0.09469466	0.06905544	0.037226733	0.14050114	-0.11065091	0.0769029	-0.17557779	-0.09241037	0.09629914	0.15070221	-0.102602765	0.13409097	0.10937933
-0.04400337	-0.0027003554	-0.032767266	0.048785605	-0.017687652	-0.049399454	0.0155733265	0.054485533	0.02531581	0.07157106	-0.018662661	-0.06483395	-0.054050926	0.027630003	0.014886108	0.031836372
0.36162326	-0.23152457	0.20325412	-0.2643129	0.180448	0.08588436	0.29137462	-0.19047423	0.18830444	-0.27972656	-0.23292187	0.22975948	0.22565491	-0.29508266	0.28901199	0.26265368
0.13598229	0.22631598	-0.26076478	0.22345524	-0.21684808	-0.35372522	-0.2613334	0.2870646	-0.21634237	0.29847613	0.2686031	-0.25404432	-0.24191368	0.28263634	-0.2118026	-0.28584835
0.14724544	0.21952201	-0.18533006	0.25407544	-0.23073755	-0.3087569	-0.16508484	0.2431523	-0.2816503	0.22022948	0.21476053	-0.23739056	-0.27770618	0.27363113	-0.21499708	-0.21943939
-0.022028325	0.23463203	-0.22762577	0.31535506	-0.27183318	-0.29793164	-0.29090497	0.2558457	-0.2519784	0.26123217	0.22705449	-0.2937162	-0.25936767	0.32770646	-0.2381658	-0.31357256
0.23865096	0.10127987	-0.07700059	0.11076275	-0.1839038	-0.1993814	-0.035577506	0.08111161	-0.089969195	0.079896025	0.07728318	-0.039797615	-0.029672038	0.035654683	-0.04541142	-0.12659813
0.10099116	0.08265914	-0.11983855	0.1403331	-0.09646792	-0.19017072	-0.116683885	0.085930556	-0.091293454	0.15825982	0.056898516	-0.076791435	-0.058691725	0.117855884	-0.07740026	-0.07863762
0.44920173	-0.048761934	0.02509221	-0.040570624	-0.043517258	-0.1017388	0.04306444	-0.04465773	0.0476924	-0.055371452	-0.03845913	0.037027653	0.056365203	-0.031011656	0.08475426	0.0640583
0.14760682	0.10945242	-0.082113065	0.0897836	-0.09850792	-0.17334677	-0.045151375	0.15939917	-0.06695054	0.077886015	0.107171245	-0.047880158	-0.06945978	0.110949494	-0.12834609	-0.10310393
0.23460482	-0.376822	0.40601978	-0.3814177	0.37971613	0.28965116	0.37267017	-0.36544114	0.37037963	-0.414961	-0.37461868	0.4064757	0.4332338	-0.45035875	0.42524862	0.39110142
0.19199744	-0.03204552	0.124964274	-0.074426636	0.04168142	-0.06607973	0.099678546	-0.092219315	0.10146471	-0.07621972	-0.03766146	0.06661098	0.10594945	-0.117542855	0.06584774	0.051547315
0.40618908	0.5529347	-0.51103663	0.54893476	-0.674843	-0.7111251	-0.571043	0.56999314	-0.611672	0.6307419	0.6084667	-0.60144717	-0.59862536	0.6219673	-0.53846055	-0.5892685
0.33073252	0.058588635	-0.11386823	0.11084921	-0.12200549	-0.18664354	-0.03423488	0.11328069	-0.0804624	0.10995641	0.046819687	-0.07350238	-0.12423285	0.07367323	-0.07354657	-0.13643119
0.16756283	0.13087228	-0.10345493	0.06406947	-0.12144333	-0.20259312	-0.098506816	0.14526328	-0.05582111	0.07924888	0.046107315	-0.0910748	-0.14192279	0.09682176	-0.06952384	-0.080341585
0.056194585	-0.015168185	0.095951274	-0.09117731	-0.025937239	-0.02087875	0.111927785	-0.06071006	0.030074606	-0.021666419	-0.04768855	0.04557677	0.08770678	-0.03382775	0.009912025	0.018111404
0.19971311	-0.25113755	0.30189177	-0.25764644	0.25599423	0.2167214	0.31341866	-0.2851719	0.23910151	-0.33001107	-0.31683287	0.3162335	0.29998794	-0.3437347	0.2777529	0.26149744
0.18271284	0.079910114	-0.039726097	0.06097184	-0.106327236	-0.1503917	-0.1031669	0.050770003	-0.10251355	0.10878097	0.12337514	-0.067575246	-0.08662225	0.10987589	-0.13084157	-0.112648256
0.5420763	1.106759	-1.1104037	1.1091658	-1.1206915	-1.0679709	-1.0637398	1.1593874	-1.0201664	1.1503943	1.131127	-1.0853645	-1.1730765	1.1200757	-1.1621041	-1.1363493
0.31816873	-0.1975582	0.21547982	-0.22607978	0.12248667	0.123803645	0.22444367	-0.2951127	0.24870683	-0.20364067	-0.29087198	0.22035071	0.20968509	-0.24650244	0.24153394	0.23522756
0.3456687	0.24763072	-0.14936502	0.17774071	-0.23237452	-0.27719805	-0.20688298	0.24780525	-0.17852892	0.25644588	0.20688097	-0.13772643	-0.2441551	0.23340091	-0.24013622	-0.17958051
0.33056757	-0.69195825	0.6700416	-0.62986547	0.5755737	0.52849156	0.6233436	-0.65695995	0.5957007	-0.6915292	-0.67404854	0.62666106	0.72055733	-0.68117	0.6551929	0.6395997
0.25531426	0.111580774	-0.14648385	0.16059703	-0.17363617	-0.18290214	-0.11330718	0.13854924	-0.13035418	0.14638029	0.14591274	-0.093388915	-0.13276869	0.18069421	-0.22206326	-0.19600818
0.1343903	0.085833855	-0.13229412	0.05587731	-0.13127883	-0.15455641	-0.062317897	0.062231366	-0.071037315	0.09130939	0.0834834	-0.048695914	-0.10960861	0.11873683	-0.09942874	-0.046588372
0.26983157	-0.16772157	0.18483882	-0.12847964	0.091198474	0.14434704	0.14122725	-0.17430256	0.13386413	-0.2121439	-0.20906025	0.225881	0.18000165	-0.1414472	0.15220937	0.21381898
0.053601786	0.9028661	-0.827938	0.85960174	-0.8577046	-0.7878803	-0.8500321	0.9385042	-0.85649896	0.95319796	0.9549784	-0.88259554	-0.91494167	0.99004984	-0.9146531	-0.9471825
0.0033321187	0.054133512	0.023531957	0.07569234	-0.024310471	-0.06766512	0.02218362	0.00043375877	-0.038783688	0.003261109	-0.02775753	0.027796948	0.020543415	0.042784348	-0.042829867	-0.03225818
0.27491906	-0.09480393	0.032490205	-0.094348006	-0.017467963	-0.053325143	0.12771238	-0.081781164	0.09395686	-0.064768404	-0.06235512	0.058611967	0.12600963	-0.093493715	0.08126119	0.10834655
0.44492537	0.17061089	-0.08049792	0.11713248	-0.1436133	-0.23107576	-0.102570295	0.15618806	-0.1670347	0.12186965	0.17571008	-0.10976802	-0.15236197	0.14909865	-0.131313	-0.099558346
0.10154926	0.3288294	-0.32515013	0.28020576	-0.37855104	-0.33370057	-0.26667237	0.31485918	-0.29101345	0.3587866	0.3448041	-0.29991186	-0.33089533	0.3140705	-0.3163031	-0.37411794
0.21385166	-0.033998504	0.09225455	-0.08292531	0.03090873	-0.028318465	0.070544094	-0.044775456	0.02630824	-0.117010154	-0.09743156	0.05804231	0.043322317	-0.07880256	0.06573043	0.1091843
0.23129235	-0.09803839	0.1151342	-0.032905918	0.039901745	0.0061938893	0.050650265	-0.0046729753	0.09127886	-0.06691941	-0.083274394	0.031271655	0.034229938	-0.08822314	0.08185977	0.016909545
0.113944046	-0.13308476	0.12354141	-0.11606914	0.049047943	-0.030297142	0.11320034	-0.045392964	0.13301231	-0.09299867	-0.120329924	0.114881724	0.12702766	-0.08658022	0.04444661	0.05314601
-0.02410593	-0.21609883	0.20051208	-0.18144684	0.13327517	0.24112092	0.23130888	-0.16820358	0.15560853	-0.24055001	-0.2564456	0.21936913	0.17915319	-0.25588742	0.23769557	0.25228018
0.46145007	-0.30583546	0.40772778	-0.36203575	0.30184132	0.23846745	0.3732952	-0.37258673	0.30987126	-0.37354746	-0.3413733	0.3700937	0.41133368	-0.33658108	0.3343072	0.3576328
0.11336184	-0.20408866	0.26237667	-0.18239641	0.21261238	0.16491029	0.27269113	-0.26575914	0.25746322	-0.21764152	-0.27892974	0.24673419	0.2275759	-0.26955694	0.2013352	0.21461338
0.27916682	0.17764524	-0.19475512	0.21287479	-0.21355286	-0.30987036	-0.13185263	0.19943917	-0.14803663	0.15575226	0.13323162	-0.14274412	-0.21093014	0.13695325	-0.1424049	-0.21700282
0.30881733	-0.38677192	0.41778952	-0.452396	0.35679486	0.35758486	0.42745808	-0.48143315	0.41867486	-0.39680344	-0.4580726	0.46360332	0.46736434	-0.4173581	0.40311593	0.4905726
0.24285412	-0.52185315	0.533501	-0.49837756	0.48029724	0.4786038	0.57566166	-0.6042608	0.52650094	-0.57304144	-0.531347	0.50436693	0.5414893	-0.5424107	0.5725109	0.5964092
0.13772976	-0.30576524	0.27482203	-0.34379473	0.27693728	0.28891402	0.27668232	-0.29005483	0.26415318	-0.3667685	-0.36298737	0.32796276	0.37642485	-0.38223302	0.28377163	0.34947813
-0.0225951	0.50158644	-0.49940893	0.49086067	-0.507793	-0.56109697	-0.52191687	0.48943552	-0.47575614	0.48563287	0.5488352	-0.52904314	-0.48409975	0.54221725	-0.46859846	-0.51532596
0.15425292	0.24218996	-0.25125328	0.26943386	-0.29754245	-0.26460642	-0.20972013	0.22847816	-0.22620642	0.21948995	0.22936349	-0.20209175	-0.271942	0.22015657	-0.24170657	-0.22712696
0.19319151	-0.10710872	0.1188316	0.00013985822	0.025325872	-0.088091224	0.08501572	-0.09438131	0.06799277	-0.031524	-0.07758424	0.045056827	0.09472384	-0.0778382	0.031643003	0.029445417
0.35644576	0.9591316	-0.93822974	0.9429919	-0.91027015	-0.93888885	-0.925562	0.99397314	-0.959375	1.0517889	0.9602227	-0.9509635	-1.0147346	1.0204296	-1.0299182	-0.99394584
0.30285916	-0.123256326	0.16802028	-0.11197018	0.113391325	0.02490332	0.19656304	-0.13863502	0.117901616	-0.18168902	-0.17562202	0.12855469	0.15364884	-0.11699861	0.15659535	0.109645166
0.20417833	-0.091123514	0.11412013	-0.097151026	0.032412644	-0.06299714	0.110076465	-0.041746147	0.06964866	-0.018677644	-0.09878549	0.081403725	0.054909255	-0.07030315	0.113401935	0.056484528
0.2021811	0.9647919	-0.92882806	0.9322414	-0.91598755	-0.9305667	-0.90065694	0.9698265	-0.9078228	0.998772	1.0177746	-0.9430828	-1.0094221	1.0114158	-0.94104695	-0.9900737
0.14597528	-0.10793715	0.013971123	-0.02839791	0.014890525	-0.042374358	0.047548074	-0.072849095	0.10130698	-0.043381784	-0.11723351	0.065329656	0.06801756	-0.12585352	0.04960087	0.034686502
0.10477357	-0.1954895	0.256255	-0.20990764	0.21280485	0.10652977	0.20646925	-0.19869706	0.25292954	-0.26320168	-0.20803338	0.18164286	0.24934211	-0.22685698	0.19105858	0.24004087
0.29832223	-0.45535743	0.44849458	-0.39644668	0.38044444	0.40192044	0.48936492	-0.43357491	0.47445443	-0.4679802	-0.5222213	0.5008146	0.5129755	-0.51390535	0.4335626	0.42168716
0.03214833	0.5990995	-0.53913254	0.5504357	-0.5414043	-0.5509521	-0.52643365	0.5883711	-0.5323873	0.6317728	0.59115916	-0.61455184	-0.59375167	0.6249702	-0.625314	-0.6134842
0.24056302	-0.13447213	0.21755637	-0.22281535	0.1383484	0.08504776	0.14189658	-0.15209132	0.1967882	-0.15332766	-0.19940592	0.18064424	0.14577661	-0.22123179	0.1752013	0.1758094
0.055291843	0.25421664	-0.27502155	0.24628657	-0.18142134	-0.2346454	-0.19311768	0.2826248	-0.23573537	0.24039352	0.236738	-0.2790882	-0.22204559	0.27884403	-0.26343766	-0.23416257
0.17709434	-0.28284952	0.3465705	-0.31321755	0.32389742	0.25279534	0.31531456	-0.36834252	0.27968904	-0.3221539	-0.38245744	0.30267748	0.2842578	-0.3388579	0.32650754	0.2963383
0.13145192	0.015688295	0.06094451	-0.016924527	-0.068669744	-0.07670985	0.03952963	-0.052622717	-0.019108167	0.004431378	-0.043528795	-0.009481203	-0.034682654	-2.6907117e-05	-0.04519257	-0.032111503
0.0954963	-0.06962834	0.021406922	-0.0427938	0.064221404	-0.06942957	0.08675817	-0.0340126	0.090226024	-0.057338245	-0.07032415	0.017760662	0.020530816	-0.043106742	0.0014617335	0.07797183
0.30246893	-0.55576813	0.62708485	-0.54742175	0.56478995	0.47379977	0.5566698	-0.61721706	0.55772394	-0.6876275	-0.62492925	0.55258626	0.6008743	-0.6349819	0.6261577	0.6216331
0.30104068	-0.27679616	0.33198833	-0.3042496	0.22726765	0.22622697	0.29963636	-0.31262437	0.31796262	-0.34632397	-0.2888133	0.3261625	0.26735952	-0.27002314	0.30046728	0.3193937
-0.15978299	1.019885	-0.97932833	1.0138448	-0.99397844	-0.95730054	-0.95504355	1.0631924	-1.0454897	1.1110368	1.0172822	-0.9792441	-1.1027118	1.1442552	-1.0334342	-1.0795983
0.46358725	0.50413007	-0.521192	0.58748573	-0.6337071	-0.6190531	-0.52626455	0.61581963	-0.5166239	0.62159365	0.6169046	-0.5537922	-0.6002081	0.6314102	-0.5494206	-0.5823275
0.2955142	0.09735107	-0.11865594	0.103625365	-0.10234962	-0.18730263	-0.13677445	0.17027625	-0.17148292	0.09319074	0.11887942	-0.097995885	-0.15457474	0.13269949	-0.09146705	-0.15998594
0.122886926	-0.1444036	0.15388563	-0.1210786	0.11105931	0.054277882	0.16695806	-0.0673984	0.108371526	-0.12802336	-0.12584019	0.08384161	0.14219056	-0.14585012	0.07427063	0.08317074
0.19135271	0.14949268	-0.18933484	0.14869103	-0.15615222	-0.1858185	-0.10383512	0.19144775	-0.12329097	0.1934307	0.20732112	-0.19908969	-0.1560184	0.18421485	-0.19450906	-0.20982157
0.32795367	0.05802935	-0.027249089	0.14342602	-0.18792084	-0.24137668	-0.08785078	0.12578495	-0.08886906	0.06253319	0.05106486	-0.066027716	-0.09079967	0.07246884	-0.0717939	-0.09120101
0.13042642	-0.26214117	0.29067355	-0.23028526	0.22161348	0.26675722	0.24012004	-0.2717097	0.29044822	-0.2908522	-0.26768628	0.25104392	0.26196194	-0.27545097	0.2967899	0.27280107
0.0372572	-0.11168742	0.116744086	-0.13745026	0.13182029	0.10471844	0.19243595	-0.09780449	0.15894404	-0.19630717	-0.13451596	0.12285629	0.2111487	-0.18457437	0.16721626	0.16055912
0.04850182	0.5535473	-0.50079787	0.53685415	-0.5540325	-0.5503609	-0.4475532	0.5263419	-0.47637254	0.4978118	0.55012614	-0.5329495	-0.4857678	0.5935429	-0.49551192	-0.4905548
0.115817755	-0.09045999	0.12835014	-0.1168855	0.13130762	0.08730903	0.0852148	-0.14479391	0.15611678	-0.11107906	-0.11425056	0.12370189	0.15588108	-0.16515094	0.09354995	0.16452642
0.015386039	0.11532669	-0.13603008	0.11371059	-0.17615789	-0.24319479	-0.15316972	0.13119566	-0.17259201	0.14503416	0.15531036	-0.1029755	-0.19706866	0.19989376	-0.18616365	-0.16244124
-0.028252035	0.21133982	-0.26591876	0.19438459	-0.1984312	-0.2026921	-0.2552189	0.26750532	-0.17932022	0.22222473	0.2620979	-0.2600494	-0.22397387	0.2249584	-0.26131052	-0.2629894
0.061674822	-0.033915356	0.096063614	-0.08415956	0.04436045	0.0045500393	0.027661208	-0.087758794	0.07374089	-0.07260871	-0.103643306	0.056453474	0.069985285	-0.08585195	0.085888654	0.033973966
0.14810376	0.14707081	-0.11409428	0.17246073	-0.17611855	-0.19921221	-0.16409369	0.15565336	-0.16483657	0.1736344	0.15589479	-0.09928927	-0.09291958	0.1483681	-0.13038005	-0.15034573
0.07115	0.14956665	-0.16654986	0.15963164	-0.23283505	-0.1959899	-0.1797957	0.20583469	-0.22241294	0.24394023	0.16968156	-0.15653466	-0.19632351	0.18601133	-0.16784094	-0.21082763
0.046071105	-0.123678684	0.13669127	-0.13934128	0.13417156	0.11159905	0.13995229	-0.17242602	0.17371574	-0.12485768	-0.14757639	0.20000318	0.16122021	-0.185426	0.12165836	0.1464001
0.1696585	-0.10383519	0.08823507	-0.110703416	0.00027136214	0.021392617	0.07614571	-0.052230798	0.11742796	-0.11699542	-0.078381106	0.024445077	0.042179424	-0.053373512	0.08119304	0.05873894
0.24675624	-0.49932605	0.47134715	-0.54333633	0.47374862	0.4134836	0.4754069	-0.48754087	0.51903754	-0.5931093	-0.5125999	0.49826986	0.49529326	-0.5166027	0.52880293	0.5579368
0.39210245	-0.15671039	0.20104152	-0.12861826	0.017628932	-0.05080142	0.12355811	-0.136705	0.14219116	-0.17634775	-0.098279685	0.12377052	0.12583444	-0.1719554	0.14025392	0.12424567
0.31502435	-0.15730545	0.26094642	-0.19237778	0.17508169	0.088043146	0.17320636	-0.23869509	0.23804936	-0.24712817	-0.24620607	0.24359529	0.2319049	-0.23867556	0.22639214	0.1749711
0.2716881	-0.019827422	0.011094143	-0.018527845	-0.024613764	-0.12866543	0.0943758	0.02181015	0.033554014	-0.010189891	-0.018844634	-0.008043437	-0.02657124	-0.060748935	0.02256159	0.039539408
0.13337933	-0.09709406	0.12356355	-0.10763294	0.071461976	0.08106508	0.1271987	-0.1382053	0.1178412	-0.056710515	-0.08820253	0.1517192	0.06382855	-0.07413872	0.07137249	0.090062015
0.095138736	0.082681574	-0.022063637	0.03285265	-0.11360967	-0.07464571	-0.06530661	0.04694752	-0.08645648	-0.0034849744	0.04413523	-0.07726131	-0.0049459753	0.08768456	-0.04909237	-0.0936914
0.15149094	0.25222683	-0.18198432	0.22125182	-0.27574524	-0.30644473	-0.20162098	0.21015069	-0.18831001	0.26073393	0.21411972	-0.2146462	-0.2473002	0.28049442	-0.27116162	-0.2946089
0.4744519	-0.9831715	0.9466743	-1.034212	0.9808355	0.86442095	0.97003144	-1.0697719	0.97179556	-1.0747762	-0.99230725	1.0555317	1.0157181	-1.0301071	1.0507519	1.0612473
0.29600695	-0.26376048	0.18198873	-0.2487289	0.16245161	0.16468762	0.18978961	-0.2547193	0.18546662	-0.2597421	-0.28939962	0.25764596	0.28092292	-0.30104205	0.25026473	0.22440526
0.315697	-0.014105428	0.084825344	0.037559953	-0.010373951	-0.12774998	0.015020028	0.018917346	-0.018590694	-0.0069450643	0.015632099	-0.009683078	0.04729655	0.016559077	0.03852377	0.036525726
0.37498456	-0.94429445	0.89295226	-0.91628236	0.8740849	0.8232696	0.8893395	-0.9734205	0.8994231	-1.0405816	-0.92671084	0.8933827	0.92921156	-1.0019184	0.9734131	0.9336756
0.19116181	-0.14633411	0.16529742	-0.12690817	0.16399027	0.10404367	0.15987872	-0.20784132	0.17178652	-0.21655266	-0.13768114	0.2134179	0.14968888	-0.14596327	0.16994478	0.17019217
0.039649047	-0.043915633	0.08193122	-0.11010941	0.039747704	0.10474235	0.07047628	-0.08534708	0.024707705	-0.11473293	-0.07111595	0.031865515	0.08218253	-0.10148508	0.07103748	0.08387846
0.23461075	-0.07088357	0.035700064	-0.08180894	-0.010452416	-0.05316901	0.08803539	-0.068029076	-0.005197318	-0.038524162	-0.053300135	0.08169142	0.10037927	-0.040515404	0.051840704	0.052917454
0.3153501	-0.800788	0.8302967	-0.81292313	0.7455335	0.7247717	0.7418898	-0.8548631	0.74119914	-0.80908495	-0.78237116	0.81854415	0.84008986	-0.86119914	0.84011406	0.8074366
-0.0189805	0.22648484	-0.20999895	0.24740234	-0.1851754	-0.16442369	-0.13899356	0.17757633	-0.22284156	0.2477603	0.16068582	-0.18911318	-0.21109296	0.22202042	-0.17470026	-0.21912366
0.28897244	-0.6756185	0.6806501	-0.6641267	0.6815026	0.63345414	0.7061875	-0.6786727	0.6725935	-0.73497015	-0.6586431	0.6767205	0.6569666	-0.72761583	0.68384236	0.6717799
0.11185556	-0.07427328	0.108592585	-0.04243577	0.0069893636	-0.07660487	0.04917309	-0.04968591	0.047202997	-0.09915814	-0.06827632	0.08007975	0.12723514	-0.04101019	0.103750825	0.10202549
0.20630138	0.10271765	-0.12756126	0.082249306	-0.17045687	-0.21114556	-0.10248033	0.1349282	-0.15049592	0.16697931	0.10866801	-0.12909675	-0.13501176	0.14805515	-0.1681611	-0.10745989
-0.021534413	1.0145748	-0.95157826	1.0295744	-0.9102814	-0.8855516	-0.9935252	1.0728842	-0.95631105	1.0515065	0.99033713	-1.0160584	-0.9700547	1.0129727	-1.0261718	-1.0587853
0.41812325	-0.8682492	0.91532385	-0.9065318	0.8618132	0.71759534	0.8377732	-0.96987236	0.85416377	-0.9851778	-0.9471024	0.8613891	0.9009208	-1.0038644	0.94370776	0.97368765
0.1259074	-0.16713542	0.17748274	-0.14796937	0.12006748	0.062021956	0.15608501	-0.17205541	0.18857057	-0.17251027	-0.23187989	0.15832467	0.15253124	-0.2137109	0.15098102	0.14009121
0.35490248	-0.39727044	0.39125034	-0.34246102	0.26706102	0.2548868	0.38545427	-0.32483837	0.36101592	-0.37430686	-0.3703343	0.38475767	0.39852846	-0.41759345	0.3678211	0.32279268
0.14833935	0.7390324	-0.7654697	0.67756325	-0.68543977	-0.71635544	-0.6894375	0.7263075	-0.71503234	0.81745774	0.69235367	-0.7748658	-0.7631287	0.7292699	-0.70411503	-0.76955414
0.20449954	-0.43718925	0.4194192	-0.40630916	0.440452	0.3273273	0.45896092	-0.39255926	0.39804193	-0.45195627	-0.49683622	0.4206503	0.44830698	-0.4838092	0.45618913	0.4801444
0.20350648	-0.3810962	0.3724683	-0.41961408	0.30238676	0.27195707	0.4507439	-0.42969286	0.41487134	-0.46365905	-0.38212526	0.47914127	0.43937817	-0.45968953	0.36463892	0.4214538
0.07925252	0.07922107	-0.117398694	0.10677963	-0.108073376	-0.16214605	-0.07716619	0.06383195	-0.10725684	0.059629478	0.038311854	-0.10622924	-0.035283394	0.0486215	-0.099158935	-0.084705055
0.022179218	0.2554622	-0.2212461	0.19805017	-0.2856599	-0.25243807	-0.24123277	0.25953788	-0.21189994	0.23946574	0.25627008	-0.2757068	-0.20366462	0.273002	-0.3055906	-0.24405792
0.08098053	0.29691082	-0.275027	0.2445489	-0.23391092	-0.23523785	-0.19558813	0.24504277	-0.25308672	0.23646156	0.2172819	-0.22848439	-0.2325726	0.23800598	-0.25907305	-0.24974033
0.23243123	-0.083455406	0.048718024	-0.06260498	0.0321652	-0.046081234	0.043755263	-0.10606504	0.043641225	-0.03546587	-0.1144063	0.05180233	0.031811688	-0.09395711	0.07270334	0.106045194
0.17232217	-0.034353733	0.001564655	0.006081974	-0.064578965	-0.06714074	-0.023438506	0.017642211	-0.04442676	0.011433994	-0.04100398	-0.02175962	0.02310244	-0.00030373165	0.02580858	0.011469047
0.18705255	0.4327922	-0.43227446	0.5273627	-0.47028142	-0.488267	-0.4724693	0.4934559	-0.5164497	0.46201628	0.4569114	-0.4624816	-0.5275106	0.45829636	-0.5045102	-0.509756
-0.015975146	0.045827895	0.0021036316	0.041036744	-0.06792114	-0.053444263	0.009294041	-0.021795133	-0.028340466	0.02233934	0.03396736	-0.034655124	-0.046892907	-0.025484713	-0.032715227	0.044688664
0.22196223	-0.42851153	0.4001079	-0.42658907	0.3589534	0.3539817	0.41418532	-0.4485103	0.33122557	-0.37370208	-0.38072866	0.39727265	0.35760453	-0.39079568	0.36543775	0.42054448
-0.20235538	0.24532793	-0.29967427	0.34052268	-0.26133847	-0.34006765	-0.31299883	0.27561617	-0.33059213	0.33404645	0.3173644	-0.32834932	-0.26824892	0.26380053	-0.27696562	-0.291322
-0.0064046043	0.22350103	-0.19200712	0.20443334	-0.19791643	-0.17927897	-0.1988227	0.2504975	-0.23824158	0.2430377	0.18280809	-0.1840081	-0.2772731	0.23433809	-0.2338787	-0.2261953
0.33886328	-0.82445717	0.8662314	-0.84396636	0.8388117	0.81598806	0.84927994	-0.90656555	0.7984847	-0.90887606	-0.9475564	0.865846	0.846978	-0.93358475	0.89758277	0.9110549
0.031750448	0.5106371	-0.5130109	0.55091095	-0.5197687	-0.5553785	-0.46034673	0.51423913	-0.50900865	0.52544427	0.5763744	-0.56458783	-0.5718938	0.5377936	-0.54327744	-0.5478008
0.11797999	0.18079774	-0.16346572	0.18398064	-0.27749208	-0.19432443	-0.1964291	0.2014387	-0.23036306	0.19465938	0.22308595	-0.16953543	-0.20630336	0.25800377	-0.26619676	-0.26171505
0.55588895	-0.9949805	1.0053623	-0.9611629	0.96674246	0.99514234	1.0389293	-1.0175194	0.957395	-1.0900998	-1.056297	1.0933855	1.0496728	-1.080107	1.0576463	1.0520976
0.10690055	0.2780817	-0.2720731	0.31833407	-0.28491068	-0.3264855	-0.30357313	0.26808882	-0.31226858	0.29615065	0.2634418	-0.26677936	-0.24736337	0.2796341	-0.2901609	-0.31222126
-0.26944324	0.626631	-0.6160876	0.6961887	-0.599659	-0.58007663	-0.66694593	0.62487346	-0.61125684	0.65413946	0.639448	-0.64706665	-0.65608627	0.6478801	-0.7100492	-0.6656053
0.04793799	-0.08730478	0.060295615	-0.047193896	0.076336265	0.06578867	0.06099999	-0.049243115	0.10024238	-0.054454528	-0.08146643	0.07888999	0.06839755	-0.04994582	0.099134065	0.024027001
0.08729824	0.2829279	-0.34432647	0.31446126	-0.29701433	-0.362784	-0.27547857	0.28865597	-0.35175052	0.30267304	0.29622117	-0.31642997	-0.34217718	0.33666152	-0.33885074	-0.28742144
-0.01852986	-0.050783873	-0.007800324	-0.023476638	-0.018156158	0.004535061	-0.0072670383	-0.025751341	0.063493446	-0.034254413	0.01403315	0.0036291203	0.050786637	0.027931679	-0.013047269	0.02453767
0.14447887	-0.03591763	0.08067727	-0.09949146	0.019881824	0.06923632	0.048665646	-0.029455066	0.08882798	-0.031021459	-0.043063298	0.017340131	0.103401594	-0.11425921	0.06306956	0.014604888
0.14279625	0.2992012	-0.3091396	0.33375686	-0.33039922	-0.37638894	-0.3170058	0.37592715	-0.32768327	0.3747928	0.35600358	-0.31054682	-0.3818271	0.31209275	-0.3367022	-0.39048365
0.19280083	-0.17281213	0.20408183	-0.20585385	0.1366117	0.06399097	0.21739009	-0.28723326	0.2559158	-0.2644999	-0.21506372	0.18147653	0.2740898	-0.26945314	0.25313902	0.27283213
-0.22010835	0.62197113	-0.633206	0.5995966	-0.6231774	-0.5392215	-0.63515675	0.59464467	-0.61987495	0.6049167	0.62348175	-0.580995	-0.65452087	0.6507993	-0.6228239	-0.5823832
0.33058593	-0.04881417	-0.014883834	0.042668693	-0.042902444	-0.06623717	0.06551128	0.019265091	-0.014623856	0.0476274	-0.011062512	0.034306362	0.005114442	-0.048399165	-0.030118901	0.008414272
0.093366966	0.109127045	-0.11255994	0.18784578	-0.13301909	-0.18417855	-0.15986134	0.20582266	-0.20703155	0.17819332	0.15269588	-0.10432707	-0.19583341	0.1378711	-0.11839477	-0.19937569
-0.064447835	0.33005208	-0.3120357	0.33811525	-0.28980157	-0.3536327	-0.33724266	0.37037393	-0.31109852	0.35750204	0.33960316	-0.28020203	-0.33010024	0.3279431	-0.30817842	-0.36874968
0.09154262	-0.3160821	0.28605005	-0.35451782	0.25425845	0.26910058	0.25833514	-0.26375374	0.27839267	-0.33360812	-0.30562326	0.26751608	0.34241557	-0.3086766	0.35645518	0.34751517
0.04453643	-0.15071256	0.17192884	-0.09148779	0.07755797	0.094037995	0.14246093	-0.122713156	0.17067403	-0.112189986	-0.10199364	0.12951824	0.09463901	-0.13959506	0.09263015	0.12211499
-0.046885114	0.08037909	-0.0622389	0.11127485	-0.050415836	-0.08680926	-0.04680614	0.04624724	-0.09166448	0.05577679	0.10802864	-0.01396869	-0.07039311	0.029997787	-0.057259273	-0.06515392
0.008418105	0.13890196	-0.11508925	0.15035385	-0.14562258	-0.1267432	-0.16017744	0.13695869	-0.16118793	0.13514802	0.12510073	-0.115503065	-0.12692305	0.1664646	-0.17786907	-0.07684483
0.23401806	-0.5737388	0.6118306	-0.57068014	0.565654	0.5429262	0.58843577	-0.6057403	0.51899564	-0.64598715	-0.56720436	0.57025754	0.5974274	-0.6087409	0.5754169	0.5663174
0.20283493	0.56545514	-0.53082675	0.55549514	-0.5253294	-0.6280375	-0.49251413	0.5308406	-0.57293576	0.6231352	0.6023188	-0.54174244	-0.56840104	0.5405506	-0.6011842	-0.6066177
-0.021348748	-0.10588416	0.07562955	-0.09002064	0.045140345	0.051851735	0.09204394	-0.033393644	0.084205896	-0.1043697	-0.12738551	0.09220083	0.11294921	-0.072129674	0.043982845	0.06707391
0.18951155	-0.31133974	0.34503904	-0.25875404	0.29322264	0.13774934	0.29070532	-0.26550505	0.2601247	-0.3097976	-0.3454682	0.3031822	0.3377356	-0.35603255	0.30791098	0.2504511
0.03341661	0.014855471	-0.013371389	0.08075982	-0.123232566	-0.04458261	-0.0038116076	0.09197087	-0.059110858	0.029327424	0.11266889	-0.05550696	-0.0495166	0.07602895	-0.022501195	-0.085080884
0.30365476	-0.2622364	0.25115266	-0.24063957	0.14443168	0.087708905	0.25961593	-0.21984291	0.20075697	-0.28357655	-0.27857292	0.21204486	0.24966213	-0.2962312	0.25093722	0.23326755
0.3233108	-0.5793454	0.5945943	-0.5604602	0.5522552	0.54355466	0.61238235	-0.564198	0.5651596	-0.6081431	-0.62561333	0.62268347	0.6010892	-0.589056	0.6270332	0.6283699
-0.046506017	0.159672	-0.090196386	0.15534823	-0.19141537	-0.14121358	-0.12346227	0.14310594	-0.16742171	0.16621827	0.18219686	-0.15571958	-0.09824838	0.12423223	-0.18819934	-0.088599995
0.26190633	-0.55796397	0.57735306	-0.4941736	0.53099245	0.44373718	0.54539365	-0.5685118	0.4805909	-0.583396	-0.559565	0.49125758	0.5223947	-0.54755414	0.501224	0.5634596
0.12576216	-0.13593683	0.17324351	-0.20110211	0.19140908	0.12086121	0.21015461	-0.16183317	0.13914587	-0.20220937	-0.14507219	0.1552095	0.22153015	-0.23807023	0.12247863	0.20352785
0.1152771	0.121470824	-0.14921206	0.14003162	-0.15172601	-0.16236697	-0.11796724	0.11547166	-0.16463515	0.1472067	0.12914367	-0.17351566	-0.10400524	0.1808403	-0.18909584	-0.16583869
0.075411074	0.13772996	-0.13781206	0.2378344	-0.21201017	-0.20253925	-0.16440332	0.2362512	-0.14397319	0.15670325	0.20100625	-0.20183527	-0.15871213	0.16350943	-0.21852948	-0.20444688
0.13605207	-0.23696436	0.19366069	-0.19259192	0.2026508	0.15618132	0.23160048	-0.19958456	0.21100618	-0.22794493	-0.21617965	0.20393814	0.2558355	-0.27192998	0.28438088	0.25688386
0.047416735	0.23217183	-0.24150388	0.24945143	-0.21236968	-0.18645604	-0.17619182	0.18118896	-0.24153073	0.26310053	0.23870377	-0.20188458	-0.2512561	0.2329543	-0.16767079	-0.2624787
-0.117038526	0.25797147	-0.19576593	0.27356926	-0.25421727	-0.18999127	-0.25423875	0.21690172	-0.25868386	0.26129055	0.26939163	-0.24079794	-0.21810462	0.28150982	-0.19751267	-0.20564725
0.14499606	-0.23103587	0.20466122	-0.19758675	0.20134597	0.2188989	0.24127749	-0.23499812	0.19443148	-0.2546103	-0.22699133	0.21501295	0.29070887	-0.23018372	0.26508468	0.23413
0.10676427	0.13601573	-0.061576553	0.07568482	-0.14534417	-0.14682999	-0.0501643	0.07846115	-0.058164787	0.08601567	0.09892373	-0.08623824	-0.14212577	0.148603	-0.07570613	-0.13524725
0.114804946	0.09098933	-0.06365952	0.13759023	-0.08182409	-0.12336962	-0.12424985	0.10281947	-0.12165563	0.066188015	0.078205734	-0.043384876	-0.12391599	0.06203759	-0.116515584	-0.15174668
0.36059925	-0.23478885	0.24808548	-0.17622273	0.08569456	0.075702935	0.25300094	-0.19111644	0.16146027	-0.18639277	-0.2229103	0.25385752	0.20184408	-0.2505613	0.20726575	0.15092447
0.14643672	-0.3873276	0.38214967	-0.34329572	0.37208804	0.27547604	0.34415388	-0.34707314	0.35576558	-0.35900024	-0.36799183	0.31009105	0.37373814	-0.38518777	0.34746242	0.38804165
-0.024010694	0.39458865	-0.42475227	0.44494534	-0.45051464	-0.4032854	-0.36203176	0.40806383	-0.46207395	0.4729185	0.40531272	-0.4040614	-0.46480313	0.4582184	-0.40753403	-0.4837623
0.39048028	-0.8899153	0.8943132	-0.8750931	0.7982214	0.8120527	0.8514161	-0.94920874	0.90903	-0.98197675	-0.92480326	0.8454445	0.95298105	-0.94455224	0.94793206	0.9682061
0.26321754	-0.20073083	0.17269209	-0.23490211	0.121556446	0.09931949	0.25036803	-0.15298696	0.2071348	-0.181516	-0.16104719	0.1782749	0.18218383	-0.2026342	0.19221243	0.19798476
0.32568204	-0.5003134	0.44792753	-0.4726384	0.3700632	0.4125989	0.49109083	-0.53830844	0.42513552	-0.5694107	-0.44941357	0.52421606	0.49545667	-0.47418368	0.50579256	0.5110564
-0.11951367	0.8085703	-0.8082762	0.80759317	-0.78216213	-0.8441638	-0.769133	0.9109586	-0.7476982	0.87565285	0.8955959	-0.90291977	-0.90352803	0.87207824	-0.86728144	-0.8506977
-0.012577625	-0.16348925	0.15079229	-0.15683256	0.06882944	0.08584391	0.11187049	-0.124558106	0.16239826	-0.15456934	-0.17477489	0.07294162	0.11352957	-0.14961255	0.13666841	0.17782448
0.05665051	-0.27460223	0.2537987	-0.22822884	0.22963595	0.23652488	0.23607692	-0.22574438	0.20639169	-0.29460886	-0.29723975	0.19427237	0.25471097	-0.23462756	0.288889	0.27937338
0.2522797	-0.60182995	0.5803739	-0.609687	0.5408711	0.50969535	0.53988814	-0.57093596	0.5320942	-0.67339	-0.5637521	0.60116893	0.5735867	-0.60158455	0.5949022	0.633477
0.25107408	0.21957608	-0.18613927	0.20563737	-0.2946914	-0.3374856	-0.16945696	0.24961534	-0.25576204	0.22647087	0.23596011	-0.25030684	-0.19848667	0.20048708	-0.29040867	-0.24406391
0.0553143	0.008923953	-0.08337954	0.02568283	-0.03545142	-0.09843392	-0.060549118	0.028521098	-0.014600687	0.02174626	0.0549915	-0.0807285	-0.006773063	0.063618265	-0.049679328	-0.083270244
0.10648674	-0.4074327	0.32956034	-0.364974	0.4191517	0.33188644	0.40860283	-0.3959955	0.35443076	-0.43495867	-0.3774515	0.34702274	0.4096185	-0.4371195	0.42346904	0.37365562
0.09679974	0.2743738	-0.26258135	0.27194297	-0.22330621	-0.27739874	-0.22130153	0.1766218	-0.2771326	0.2525858	0.25614852	-0.24898715	-0.23629361	0.2616321	-0.24856251	-0.2423254
-0.02140834	0.10444151	-0.12305314	0.07534152	-0.14119121	-0.13546856	-0.11858827	0.05902027	-0.09816412	0.057598557	0.062835634	-0.12760694	-0.11676632	0.035383016	-0.123620845	-0.04524491
0.22379439	-0.41523784	0.39846423	-0.44581744	0.43561184	0.40342522	0.44018233	-0.48405743	0.44677472	-0.48302144	-0.44830814	0.4211507	0.49127173	-0.45123082	0.41848367	0.44417456
0.23482221	-0.34047657	0.26473758	-0.32655063	0.30673814	0.26692936	0.3411559	-0.34219944	0.2943539	-0.31409633	-0.32446152	0.33471096	0.28843617	-0.33565202	0.27752426	0.26702797
-0.08375381	0.18300153	-0.22188155	0.20296654	-0.15517557	-0.16194113	-0.25015986	0.17431064	-0.2413355	0.26784098	0.21271445	-0.18538474	-0.25261843	0.22278838	-0.22047783	-0.19304268
-0.0023678294	0.27595183	-0.29203212	0.3213477	-0.22527264	-0.24410738	-0.22940806	0.2808961	-0.23412684	0.2976486	0.29313695	-0.271748	-0.27439314	0.27891117	-0.23650508	-0.3267493
0.17978825	-0.016879262	0.05397384	0.021707982	-0.08995021	-0.12267259	0.07725511	-0.05738587	-0.02115702	-0.03456736	-0.0701659	-0.00059316034	0.05748942	-0.051507983	0.016455052	0.06314715
0.19817421	-0.31357738	0.35384697	-0.34432808	0.3413494	0.28440717	0.34421664	-0.36138722	0.31159645	-0.4236946	-0.33263528	0.38740018	0.39435625	-0.44060785	0.3963642	0.32943755
0.18421543	-0.25017008	0.18327846	-0.17538843	0.23652066	0.124096885	0.20964721	-0.24628805	0.23892291	-0.2009552	-0.25916493	0.23048852	0.22690931	-0.19326456	0.20716548	0.19508074
0.23467441	-0.39970848	0.39909124	-0.3851879	0.38905412	0.39010388	0.40424907	-0.4641174	0.36672106	-0.4789145	-0.47402853	0.42016906	0.457425	-0.44966882	0.39482358	0.47620702
0.21401383	-0.36428443	0.42722386	-0.43219027	0.341319	0.3477133	0.36553493	-0.4243434	0.39902496	-0.38663232	-0.41555777	0.41396883	0.37887722	-0.43881992	0.37579146	0.3923159
0.051339593	0.3769622	-0.32683346	0.38672414	-0.38456258	-0.38692325	-0.34110627	0.3789789	-0.35954237	0.44613972	0.41771358	-0.35940278	-0.36884636	0.4325348	-0.43784153	-0.44452754
0.14912777	0.21638118	-0.22427048	0.21232821	-0.25817022	-0.23922688	-0.18478489	0.25479925	-0.19937299	0.22367112	0.18641967	-0.21934482	-0.23182118	0.2589783	-0.205167	-0.1895138
0.2573837	0.26501036	-0.27777132	0.3087349	-0.31778514	-0.39583296	-0.28964564	0.2789883	-0.33353803	0.33331582	0.2883064	-0.26034415	-0.31027386	0.35173488	-0.34190995	-0.27275378
0.13699181	0.36259702	-0.3266008	0.3014044	-0.3923545	-0.36696768	-0.29685	0.41176116	-0.32851496	0.34668165	0.3482359	-0.33501807	-0.37955657	0.40694177	-0.35110128	-0.31975546
0.26243642	-0.026048774	0.009725657	0.012625506	0.007078149	-0.025827173	-0.01249628	0.02366285	0.057523098	-0.06560724	-0.052684195	0.0006033233	-0.020224249	0.014070151	0.045685027	-0.002390959
0.05366071	0.08424974	-0.046668816	0.115943514	-0.14909294	-0.16483545	-0.085536785	0.07865559	-0.14536268	0.1186383	0.109728694	-0.14671385	-0.058393218	0.061076254	-0.09233593	-0.062215813
0.16287321	-0.048325088	0.04967772	0.02368815	-0.039469007	-0.062360413	0.0010792403	-0.06813742	-0.024481375	-0.046261713	0.013008147	0.05978508	0.07810061	-0.04944923	0.04982177	0.041695718
0.06468887	0.051785976	-0.08112545	0.10690965	-0.09787592	-0.0740081	-0.09953442	0.114132464	-0.048799366	0.069102824	0.10538054	-0.05435843	-0.08434973	0.047625836	-0.10835371	-0.033257887
-0.05954842	0.848967	-0.8282978	0.78423196	-0.7489565	-0.7283606	-0.7670199	0.8692873	-0.8371254	0.8511755	0.87796575	-0.83395535	-0.87703335	0.79768676	-0.8127712	-0.9005049
0.057369776	0.26152164	-0.21718548	0.23428789	-0.250593	-0.20449731	-0.20973867	0.22601297	-0.28115553	0.215228	0.28105205	-0.2941635	-0.22625309	0.20903692	-0.24384002	-0.29787248
0.118257724	-0.07921974	0.061865807	-0.14261657	0.05681334	-0.0044205207	0.16567166	-0.095013104	0.13307351	-0.07604892	-0.07517693	0.109897554	0.08985833	-0.072914675	0.07046491	0.14889376
0.38456652	-0.73360133	0.7893314	-0.76572466	0.68636096	0.6910825	0.6987089	-0.80387723	0.7581747	-0.81498504	-0.77854174	0.75514305	0.74229	-0.81359893	0.78229344	0.7680969
0.03917923	0.14771111	-0.10056309	0.097280644	-0.13898443	-0.10809614	-0.16648935	0.19331044	-0.09812518	0.14617838	0.169109	-0.097569235	-0.15513577	0.099377595	-0.09212289	-0.12779133
0.12100458	-0.1615187	0.16245231	-0.21698928	0.16664235	0.11410117	0.2413588	-0.14529559	0.15140378	-0.1876622	-0.2261386	0.21216735	0.22552858	-0.24931511	0.18663295	0.20967278
0.006088553	0.2019011	-0.2036823	0.12898205	-0.21009788	-0.1973039	-0.13070372	0.21938524	-0.16231596	0.18508624	0.19220206	-0.21670534	-0.19096714	0.14416407	-0.21135098	-0.14081436
0.34968817	-0.504951	0.5859732	-0.57645303	0.52391696	0.42245898	0.48477507	-0.5928433	0.52971166	-0.6268578	-0.5636948	0.6087707	0.60132325	-0.52698433	0.5671711	0.5444151
0.05819204	0.004412955	0.009055495	0.03398033	-0.023259224	-0.056213517	0.07155882	-0.023508586	-0.017098868	-0.02145237	-0.047854543	0.037022907	0.009823253	-0.01303513	0.03367096	-0.028629327
0.22953248	-0.3839958	0.34193352	-0.32874534	0.3056687	0.2601064	0.41180393	-0.34902966	0.32950342	-0.38993368	-0.38553545	0.40516803	0.35861441	-0.38501805	0.32598618	0.37823334
-0.06195878	0.47182164	-0.44409323	0.47782317	-0.46154827	-0.4764022	-0.4758394	0.49422967	-0.44051597	0.47972414	0.50284123	-0.5095534	-0.4626548	0.451254	-0.4388412	-0.52185756
0.09529427	-0.0526507	-0.016448129	-0.034493428	0.071064234	0.012922195	0.010833187	-0.026902307	0.06489289	0.0017895019	-0.073954396	0.04408846	0.025724974	-0.068056345	0.07889391	0.0077097034
0.16805457	0.454447	-0.44859317	0.46560317	-0.50294083	-0.5258784	-0.39083847	0.5103132	-0.43674138	0.5356221	0.45284906	-0.47146472	-0.49544415	0.51147205	-0.47719273	-0.5134918
0.063889086	0.10528807	-0.1090461	0.09342963	-0.1280179	-0.18746442	-0.13608614	0.11402968	-0.079855815	0.13588943	0.07248578	-0.113136984	-0.14079113	0.15766911	-0.06529592	-0.15565492
-0.03739167	0.4155941	-0.40275097	0.48912597	-0.4190139	-0.39836633	-0.3742626	0.3896783	-0.46543244	0.4850289	0.47097522	-0.4439082	-0.45576397	0.43561864	-0.48301405	-0.46192816
0.0044422643	0.44212377	-0.38030326	0.43697938	-0.4492806	-0.4278431	-0.4051322	0.45781383	-0.42654538	0.4470804	0.4394596	-0.42686588	-0.45473814	0.4018049	-0.43450648	-0.40107837
-0.1590565	0.10784757	-0.14685091	0.13309352	-0.121520855	-0.15767631	-0.14459038	0.10482388	-0.15910977	0.16406962	0.16183858	-0.11326004	-0.18124309	0.17770268	-0.19102117	-0.19104649
0.13653013	0.5160923	-0.50596464	0.5240546	-0.5643674	-0.5134797	-0.48352158	0.5513684	-0.5239941	0.5447106	0.5131765	-0.55767715	-0.55835956	0.5384919	-0.53400165	-0.5293534
0.28004274	-0.3819358	0.39472875	-0.4327182	0.3775077	0.36020812	0.36841285	-0.45996052	0.3969076	-0.41397756	-0.39903775	0.41214666	0.40510914	-0.43519926	0.3933031	0.4176835
0.18887036	-0.34817147	0.35773125	-0.3952782	0.38965285	0.25431868	0.3829431	-0.41252533	0.3330243	-0.4431635	-0.36289835	0.39716676	0.4241847	-0.41745323	0.39659086	0.4044985
0.21607149	-0.24571641	0.27539694	-0.25411323	0.20657684	0.19883484	0.28927207	-0.2904879	0.23920044	-0.21341251	-0.27125588	0.19788368	0.28180498	-0.29977828	0.20193358	0.26358846
0.05473014	-0.37813994	0.3799933	-0.34207195	0.29877466	0.3118506	0.30354223	-0.32468644	0.36884192	-0.39666602	-0.37009922	0.346925	0.33943173	-0.35034773	0.4018676	0.40307856
0.17865111	0.06965702	-0.04068254	0.080958664	-0.049215715	-0.18486528	-0.09796648	0.08054604	-0.045381296	0.12207763	0.06999625	-0.11093552	-0.12459536	0.124006085	-0.056915183	-0.054336853
-0.05536157	-0.3847265	0.36270803	-0.38403156	0.33398506	0.4319306	0.35084322	-0.35845193	0.3988748	-0.34878036	-0.39022836	0.36230654	0.36928585	-0.37069505	0.4392296	0.447701
0.06779439	-0.15003158	0.10221591	-0.15582645	0.1212689	0.09152824	0.17653528	-0.15659435	0.17468444	-0.20070945	-0.13004042	0.17035504	0.13624105	-0.17051516	0.13118967	0.15942025
0.035251174	0.08491853	-0.07483469	0.16872075	-0.1195193	-0.14583139	-0.13829628	0.11721533	-0.0821174	0.11986524	0.12351303	-0.15938993	-0.1348712	0.110025264	-0.10234068	-0.13066891
0.22872497	0.26605427	-0.26681754	0.34630647	-0.35883838	-0.32659858	-0.28869224	0.3308913	-0.27750456	0.3422446	0.33322176	-0.2886726	-0.24340671	0.3295855	-0.2641683	-0.33668184
0.23860192	0.0018384969	-0.014748199	0.008676345	-0.053476933	-0.10175329	-0.010513956	-0.028488332	-0.046480853	0.03811562	-0.029161533	0.029447768	0.03258679	0.0017710691	-0.020504337	0.025983436
-0.23560661	0.8239395	-0.75394446	0.8524147	-0.7872973	-0.784026	-0.7849988	0.8613723	-0.7657171	0.83736694	0.79286313	-0.8005718	-0.84684294	0.8105652	-0.82722515	-0.8073849
-0.17006637	0.429087	-0.37779993	0.38308007	-0.43397537	-0.3833154	-0.4095922	0.38837475	-0.4528971	0.50648487	0.4497597	-0.40205365	-0.47152492	0.47507757	-0.4390248	-0.4546097
0.14204016	-0.10167806	0.15013435	-0.110995464	0.11175349	0.11522045	0.100804195	-0.09819328	0.09990563	-0.18932468	-0.13942875	0.15842378	0.17629431	-0.1601108	0.09433442	0.15438652
0.2020452	-0.2663848	0.23464443	-0.2780981	0.19404717	0.1937594	0.29045707	-0.30300942	0.25423396	-0.31065536	-0.32389614	0.27341634	0.22778074	-0.25086677	0.2818975	0.28321844
0.072665595	0.10551381	-0.021481404	0.0079268385	-0.07276768	-0.031126296	-0.10009172	0.05335213	-0.018690694	0.08519065	0.06097764	-0.02069608	-0.063591786	0.017355526	-0.05499442	-0.08304063
0.077538416	-0.07095971	0.08743321	-0.052296918	0.06999559	0.0010660788	0.046097435	-0.02342709	0.09488101	-0.11116828	-0.0848916	0.04078123	0.034470804	-0.048243508	0.10686722	0.04162636
0.21422622	-0.28589424	0.31339544	-0.3310179	0.27520132	0.17055923	0.27361518	-0.36430347	0.25893107	-0.32988825	-0.30940956	0.29578364	0.3244715	-0.29599625	0.31537077	0.3260533
0.21641502	-0.36281386	0.3059382	-0.2884289	0.27920684	0.20024386	0.30630127	-0.37405795	0.29859152	-0.32206947	-0.3818795	0.33020723	0.33087137	-0.3150664	0.29135415	0.3253583
0.09435104	0.48198935	-0.4144534	0.43575707	-0.44326285	-0.44338435	-0.37378275	0.50503063	-0.43761712	0.48553374	0.4972214	-0.48315737	-0.46727687	0.41018915	-0.44652164	-0.42503148
0.14646916	0.14425707	-0.081413455	0.14672737	-0.16718242	-0.18226507	-0.12368741	0.16564928	-0.13692419	0.11707024	0.11456425	-0.12629282	-0.1426606	0.16111353	-0.12919784	-0.12539893
0.1333976	-0.21212913	0.19340138	-0.20363666	0.14206977	0.1577579	0.1966192	-0.17344438	0.14824149	-0.1627498	-0.19970645	0.1798852	0.19246031	-0.18259177	0.20995016	0.15099926
0.026780127	-0.02967217	0.011112028	-0.09558563	0.07376272	0.040170968	0.06809431	-0.039642766	0.048917465	-0.076244116	-0.03003617	0.04323474	0.096177	-0.05707648	0.014772123	0.038337108
0.26353452	-0.13531831	0.19785595	-0.1996775	0.17723134	0.08640325	0.15096147	-0.18057752	0.19859065	-0.16739795	-0.18175542	0.17691733	0.20649485	-0.19500351	0.16792645	0.1332305
0.064460635	-0.18795964	0.26545596	-0.2195404	0.26475173	0.2553525	0.26411477	-0.2461426	0.21836284	-0.28270468	-0.19564892	0.27908885	0.28041217	-0.29243523	0.2597369	0.29325077
0.20813158	-0.08073798	0.10736804	-0.14010449	0.10218748	0.10171	0.16458057	-0.13418837	0.14052844	-0.11406128	-0.13560116	0.12989351	0.15959023	-0.13891266	0.08337779	0.12504354
0.2674961	-0.31236255	0.24795033	-0.2404686	0.25458333	0.10629417	0.31932068	-0.29690108	0.23210119	-0.33836883	-0.28704333	0.34745818	0.28453854	-0.32278353	0.25525796	0.32070178
0.1610946	0.15128534	-0.18265918	0.12308718	-0.15262017	-0.2079675	-0.16088282	0.13615134	-0.12868932	0.18794233	0.18520692	-0.16728984	-0.1893407	0.17340116	-0.18129492	-0.22308385
0.048248995	-0.21497212	0.12922215	-0.15194625	0.14417046	0.10519446	0.19161029	-0.20311555	0.1258744	-0.1603996	-0.16259618	0.14238442	0.14587323	-0.19826716	0.19604714	0.21250136
0.18809366	-0.20856035	0.21205455	-0.25794822	0.18077101	0.17646718	0.23219533	-0.23624252	0.27858418	-0.23901375	-0.2517723	0.25745317	0.2551737	-0.2330138	0.27326322	0.22260617
-0.1253232	0.15921888	-0.21351212	0.16475208	-0.1910864	-0.16565177	-0.20445792	0.16054323	-0.13625981	0.184661	0.2239848	-0.22632663	-0.13853665	0.19933854	-0.21246721	-0.21920209
0.2918693	-0.59030604	0.5290414	-0.53691953	0.48201567	0.51367027	0.5794715	-0.5755193	0.5447913	-0.6144993	-0.579199	0.5851408	0.58983576	-0.6293276	0.56020945	0.56755567
0.26819497	0.11293493	-0.14355733	0.1821461	-0.17149441	-0.18457496	-0.16122314	0.12807673	-0.16451725	0.15201691	0.15478642	-0.17130168	-0.09882889	0.12173073	-0.1293628	-0.15622087
0.11648953	-0.23650882	0.25397077	-0.24102788	0.16346289	0.1445756	0.2592744	-0.23445526	0.18683226	-0.22285801	-0.2153455	0.21683718	0.19061522	-0.2110755	0.1854895	0.2282342
0.38865894	-0.6737673	0.69134694	-0.70937705	0.68726283	0.614577	0.69519925	-0.70438457	0.67440516	-0.7573861	-0.67206943	0.7308703	0.7270923	-0.75525904	0.72597224	0.77484304
-0.12685297	0.10234823	-0.12047474	0.17314474	-0.14722244	-0.13275996	-0.15642586	0.19070801	-0.13260967	0.16633175	0.15625457	-0.16207445	-0.099971674	0.111904964	-0.12049373	-0.18831207
0.01764963	0.38050863	-0.47902647	0.42996818	-0.39410853	-0.42474243	-0.46004158	0.48400834	-0.37766954	0.45425022	0.48213	-0.45051846	-0.41657263	0.4935711	-0.42369705	-0.42598855
0.12587996	-0.26726472	0.2243676	-0.23132308	0.2698167	0.21327262	0.20323034	-0.23945789	0.26748064	-0.21314418	-0.2271235	0.27970296	0.29082382	-0.23011054	0.21004993	0.2595321
0.1476746	0.18386179	-0.15075502	0.16186574	-0.19402076	-0.16896297	-0.15354876	0.18526517	-0.16835237	0.20037284	0.21174671	-0.1395349	-0.19633572	0.20466016	-0.14655441	-0.2241434
0.22744037	-0.5134441	0.56458163	-0.5041934	0.5047789	0.5041008	0.5644192	-0.47617838	0.5278858	-0.6180127	-0.5632131	0.5033001	0.5221714	-0.55755144	0.5249894	0.5491084
0.124878764	-0.18767771	0.23891163	-0.16614306	0.14176886	0.18793918	0.18216164	-0.19665481	0.23593764	-0.2428845	-0.24021181	0.15564889	0.20547222	-0.20191929	0.23280351	0.15733463
0.14527807	-0.29762453	0.21577807	-0.21493387	0.22827926	0.20907418	0.3036763	-0.27448002	0.22813696	-0.23941487	-0.28242108	0.24191476	0.29549113	-0.25442746	0.23910397	0.3083449
0.21345147	-0.43939775	0.43787497	-0.45791024	0.3896833	0.39337713	0.42996415	-0.44823906	0.43576977	-0.46999866	-0.4594477	0.4404093	0.49230093	-0.44482356	0.49637076	0.42829803
0.15803334	-0.11814397	0.19079779	-0.1605303	0.12631811	0.015680725	0.12060904	-0.17917602	0.093573935	-0.17639434	-0.17720303	0.18752055	0.11805973	-0.1288618	0.094129644	0.09826265
-0.06255231	0.22391433	-0.21183175	0.2521082	-0.20283702	-0.24738832	-0.2527835	0.2415498	-0.24015526	0.22882481	0.25590137	-0.21623468	-0.25614387	0.2530119	-0.19764484	-0.24254063
0.2564302	-0.29981923	0.3154426	-0.35245705	0.26177254	0.27839106	0.32702306	-0.35866138	0.25635687	-0.29334924	-0.26784712	0.34921888	0.35453537	-0.33803827	0.35964805	0.2680262
0.050753277	0.64553165	-0.67193335	0.70244294	-0.6877531	-0.7036955	-0.61879057	0.70484823	-0.67199624	0.7406089	0.7277516	-0.6221108	-0.67182153	0.74274564	-0.6962195	-0.67736423
0.09776961	-0.040373016	-0.022964353	0.02664308	-0.046228655	-0.030451372	0.029001255	-0.020544473	0.029712332	-0.028298238	0.048982076	-0.027626902	-0.053439904	-0.028236415	0.02338726	0.03853689
0.014395633	0.1253302	-0.1331787	0.14155793	-0.1264302	-0.21147677	-0.17756486	0.19731805	-0.13887314	0.17722715	0.19213049	-0.122904316	-0.1977604	0.19499491	-0.13198441	-0.20677659
0.32366687	-0.45270333	0.4302689	-0.42730975	0.38224736	0.28149372	0.48508057	-0.4705394	0.45474574	-0.4588151	-0.43362248	0.4078729	0.41608286	-0.4181029	0.39528495	0.43661183
0.13402171	-0.45390585	0.36851797	-0.39683253	0.32668492	0.32946426	0.41581956	-0.43839583	0.37849057	-0.42054984	-0.46483454	0.36708394	0.40425375	-0.41005012	0.42359367	0.4675042
0.39113477	-0.66217786	0.6076762	-0.6253925	0.60929763	0.59247786	0.6506715	-0.6095014	0.58224076	-0.6363744	-0.64897573	0.6407815	0.62955207	-0.6464328	0.6768072	0.6031907
0.25555882	-0.15604216	0.18030697	-0.16743423	0.17248227	0.15919487	0.17897844	-0.22924124	0.19774504	-0.2591776	-0.20488842	0.21574464	0.21356294	-0.26000687	0.24749707	0.18149261
0.0793455	0.09898754	-0.02991115	0.08158336	-0.13168736	-0.11654673	-0.04436165	0.043632742	-0.08540233	0.05647491	0.08224597	-0.042230405	-0.09525953	0.078075424	-0.055035084	-0.045885265
0.18382457	-0.24591677	0.19986977	-0.21355815	0.25232464	0.11910147	0.23550561	-0.25708982	0.22587775	-0.3086635	-0.26036623	0.24636588	0.22484489	-0.3079658	0.25430456	0.2630992
0.051230326	-0.015971465	0.04817239	0.018226614	-0.025649043	-0.029989721	0.033222094	-0.052801087	0.0014974014	-0.060683154	-0.06046342	0.03671948	0.028021798	-0.042234823	-0.024157861	0.018239424
0.10824195	0.16514176	-0.11747219	0.17030017	-0.22225256	-0.15908846	-0.1658455	0.2106277	-0.18894784	0.20915684	0.13301718	-0.1731622	-0.14652503	0.16822295	-0.12921074	-0.18049322
-0.052710034	0.29851222	-0.23260097	0.21912028	-0.27851382	-0.2272753	-0.20254539	0.29832393	-0.26498187	0.3091336	0.24621445	-0.2515149	-0.2674466	0.2242757	-0.26485315	-0.23935392
0.16370465	0.43812892	-0.35967946	0.37936103	-0.47684914	-0.44074878	-0.33751637	0.38398823	-0.40054083	0.45798683	0.41956666	-0.36481643	-0.44077274	0.45854545	-0.38715604	-0.4613668
0.07694745	-0.07974625	0.050411355	-0.06716194	0.0008104007	-0.04787549	0.07131665	-0.054778077	-0.00758953	-0.0075939973	-0.0039354283	0.07769553	0.024505757	-0.049266763	0.033668067	-0.008878198
0.12009762	0.11750219	-0.10943609	0.14129491	-0.1365754	-0.18304072	-0.13546482	0.17426838	-0.15541646	0.14585842	0.15878662	-0.1151268	-0.13351886	0.1669362	-0.10448929	-0.1298606
0.21524286	-0.18511759	0.20672552	-0.2317279	0.12289858	0.12791383	0.22655979	-0.19819169	0.24462657	-0.21006626	-0.20228954	0.23721202	0.19946446	-0.23530644	0.1891133	0.20572782
-0.069967516	0.14671256	-0.17854826	0.15552343	-0.17720276	-0.13587804	-0.1389719	0.1660118	-0.19245939	0.1819376	0.1586575	-0.14278969	-0.19614993	0.21269453	-0.14756948	-0.21307732
0.03442382	0.07756774	-0.11816084	0.14863251	-0.08411064	-0.118886195	-0.096817575	0.11914425	-0.09808574	0.15668115	0.13878974	-0.13597368	-0.098363616	0.115433946	-0.15979892	-0.12432683
-0.081625745	0.34653333	-0.3264122	0.38665664	-0.38153914	-0.30961952	-0.41497922	0.42181113	-0.3262099	0.37774092	0.35447362	-0.40606084	-0.4397267	0.4325638	-0.42261398	-0.41182026
0.12288436	0.29917616	-0.27997723	0.32114163	-0.37170473	-0.34088138	-0.29763964	0.32618272	-0.31608185	0.33187345	0.40448353	-0.35672522	-0.3387325	0.40880358	-0.36117244	-0.402299
0.09385283	0.14278033	-0.13780355	0.115334384	-0.09870536	-0.17148201	-0.048465293	0.09475907	-0.107323095	0.11876607	0.11025364	-0.085334964	-0.13672616	0.085530974	-0.116859026	-0.07090622
0.16361853	-0.41249058	0.41006064	-0.3982589	0.42481613	0.31754845	0.4545833	-0.39868984	0.4541902	-0.4640804	-0.47896427	0.46787697	0.4542865	-0.47299573	0.4611873	0.4572259
0.21149652	-0.41482282	0.41855043	-0.36431623	0.34957314	0.27739027	0.43050498	-0.38634717	0.40184304	-0.43230218	-0.40934536	0.37284335	0.3881992	-0.41562974	0.41319922	0.41595733
0.13657942	0.077007815	-0.096001565	0.0063699493	-0.050057918	-0.052826542	-0.016246477	0.02680748	-0.038688313	0.050622296	0.0822762	-0.09004681	-0.0028658432	0.04328205	-0.10057124	-0.075313725
0.08636587	-0.029886652	0.06832052	0.00031608628	0.029312924	-0.027785012	0.077464014	-0.034085248	0.038002618	-0.07759134	-0.015557718	0.0030055544	0.07842286	-0.040648907	0.054129098	0.0007222405
0.24142112	-0.59457415	0.6133155	-0.5905656	0.5881267	0.55551845	0.5587558	-0.62112814	0.5949965	-0.57921964	-0.6008802	0.55791616	0.6365695	-0.658097	0.59717184	0.6214557
0.09476651	-0.07747349	0.13344039	-0.1136444	0.0600502	0.0922056	0.12974744	-0.10960707	0.15621683	-0.15815729	-0.0900055	0.10457384	0.16183649	-0.1357554	0.13449027	0.12092872
0.1239177	0.21099582	-0.21187298	0.18965477	-0.23961754	-0.25611612	-0.21856129	0.2613829	-0.18056116	0.20935391	0.20516309	-0.24225314	-0.21274522	0.25698075	-0.23218101	-0.18873017
0.29654822	-0.5980652	0.5409088	-0.5401906	0.5530029	0.5141063	0.54428345	-0.54102135	0.51761866	-0.6259138	-0.57445484	0.62455845	0.5553451	-0.60190946	0.6050806	0.52100754
0.17868434	0.32287762	-0.3586965	0.35410237	-0.319517	-0.37107438	-0.33931655	0.3177164	-0.29117414	0.38455823	0.37657145	-0.39116943	-0.3306585	0.3885733	-0.3344175	-0.38173428
-0.23886618	0.40258145	-0.3064697	0.3265801	-0.31011352	-0.32867151	-0.34697202	0.34428412	-0.30879372	0.3535066	0.34749633	-0.39119068	-0.3240766	0.41458058	-0.4066184	-0.3474319
0.18044521	-0.094188355	0.12337205	-0.11408466	0.16625643	0.09388937	0.1504371	-0.13420646	0.14604402	-0.19529893	-0.18385372	0.11683802	0.103110775	-0.16053109	0.164636	0.13446306
0.37765175	-0.63949555	0.655723	-0.6535974	0.67015	0.6347185	0.68276715	-0.7056858	0.6777574	-0.7140807	-0.7115256	0.75556517	0.6994093	-0.682366	0.6806741	0.7417423
0.20419978	-0.35009855	0.45803323	-0.40150556	0.39335346	0.31118432	0.41229352	-0.38492268	0.37270695	-0.47125587	-0.4032865	0.38830465	0.43320948	-0.48436272	0.43754488	0.39184216
0.12897025	-0.4570673	0.39756492	-0.42075607	0.39459744	0.39623868	0.39189455	-0.47624254	0.37231952	-0.48964375	-0.45671365	0.39810652	0.47514546	-0.48146954	0.49886075	0.40013838
0.26409635	-0.66111696	0.7126268	-0.65589285	0.59572047	0.65335435	0.61378324	-0.7537006	0.65820456	-0.69102466	-0.67545104	0.6836126	0.7152003	-0.7173744	0.6955118	0.7457002
0.26229012	-0.21470258	0.22699307	-0.20140713	0.21039121	0.23834907	0.2832551	-0.22778757	0.28116202	-0.29420203	-0.24121329	0.25500315	0.21608235	-0.24662748	0.2824495	0.30180532
0.108873226	-0.24218103	0.23639408	-0.25240496	0.19006073	0.17874043	0.24911678	-0.26968575	0.24444227	-0.31287917	-0.29866722	0.27488935	0.23503003	-0.21893342	0.24614902	0.22825263
0.30887568	-0.5108249	0.6325599	-0.60839367	0.5475871	0.50047433	0.5906524	-0.6364353	0.5360406	-0.63621044	-0.59007907	0.6063728	0.5941942	-0.6047817	0.58629525	0.54154587
-0.048258584	-0.034053773	-0.027914364	0.053022414	-0.027607307	-0.02904715	-0.051434383	-0.037899707	0.03628933	0.026705753	-0.03598775	-0.036529146	-0.0067718863	0.029364198	0.03456995	-0.022833792
0.19563484	-0.29511592	0.36001408	-0.3406617	0.27480808	0.2883671	0.32647976	-0.38624448	0.28958237	-0.36674887	-0.35721976	0.3201692	0.37418246	-0.31381786	0.3324206	0.3623928
0.12070584	-0.23447931	0.21304533	-0.26420864	0.22370952	0.14244778	0.19998069	-0.23799807	0.18887262	-0.29258418	-0.2492494	0.20525348	0.21468718	-0.2543262	0.21911736	0.201635
0.35694554	-0.70552784	0.70402616	-0.6797829	0.63203037	0.5880709	0.72545886	-0.70842826	0.6495352	-0.7533249	-0.74319535	0.75501966	0.72129625	-0.74390984	0.73097134	0.6732699
-0.07940341	0.2314637	-0.22919694	0.24048452	-0.27463666	-0.20427452	-0.25830513	0.30192742	-0.2685104	0.2279906	0.21930446	-0.20982055	-0.2165482	0.29153565	-0.2654132	-0.29047787
0.23369578	0.072308205	-0.07912197	0.11844308	-0.105358385	-0.19700351	-0.03843527	0.106403105	-0.1055851	0.07577544	0.051615115	-0.09022026	-0.036317308	0.09930251	-0.11713637	-0.13311686
0.11447558	-0.13094543	0.10118436	-0.14825758	0.14854753	0.12163082	0.16186391	-0.099958904	0.111621074	-0.108585685	-0.16396058	0.08179089	0.12039102	-0.13367096	0.07418087	0.08550554
-0.037611235	0.29586986	-0.28419703	0.29636168	-0.29766256	-0.30613467	-0.2744845	0.3340336	-0.27118307	0.29017204	0.28200004	-0.27359036	-0.26027805	0.29612967	-0.32337078	-0.31653294
0.1185636	-0.13649009	0.12852001	-0.113827795	0.10720067	0.10634539	0.12222528	-0.18468736	0.08627228	-0.18958904	-0.12541449	0.14932297	0.1920712	-0.19274254	0.15930168	0.16649015
-0.033108465	0.029128114	-0.049718194	0.07949134	-0.03750972	-0.07325164	-0.023698965	0.07601564	-0.031342197	0.059109233	0.060690735	-0.056221604	-0.065488435	0.065670006	-0.018525422	-0.08614331
-0.06707746	0.21162754	-0.19913012	0.25430602	-0.26179814	-0.25728372	-0.25859776	0.21496464	-0.23512143	0.23821543	0.19815102	-0.1970016	-0.2402462	0.22164087	-0.20367801	-0.25496474
0.06073543	-0.07128271	0.06638463	-0.029171644	0.019281546	0.037700236	0.028583972	-0.04427516	0.052989632	0.015292423	0.017515853	0.008168784	0.04563274	0.012086685	0.022096321	0.010591236
0.117989905	-0.14292327	0.20333202	-0.20876259	0.16382018	0.14781405	0.19889183	-0.17132042	0.15504825	-0.15522495	-0.21370949	0.16572152	0.15618353	-0.1708049	0.14860572	0.130874
0.30687144	-0.47398043	0.5029038	-0.538744	0.44264832	0.4150639	0.56514895	-0.58396405	0.558635	-0.61002666	-0.5159175	0.57042056	0.5871681	-0.62170005	0.57375467	0.53576446
0.07676744	-0.04842782	0.087387204	-0.043063965	0.05276612	0.08367153	0.104678705	-0.035047315	0.059613824	-0.1147341	-0.123436734	0.11035081	0.05287976	-0.099300876	0.11905068	0.06675168
0.019546961	-0.057951648	0.05737213	-0.0050149327	0.04197343	0.04199774	0.05612134	-0.02702087	0.06470011	-0.014246079	-0.06862565	0.055225432	0.08938338	-0.091162585	0.02273322	0.014638247
0.20268293	-0.00021159698	0.06683777	0.034059085	-0.057373386	-0.039082017	-0.012523259	-0.019063072	0.023451347	-0.00412195	0.013026832	0.005334712	-0.010921552	-0.04056597	0.0038283959	-0.03835914
0.21635762	-0.12351072	0.06565572	-0.027871784	0.018019484	-0.010066664	0.07459848	-0.06600086	0.11497415	-0.12846193	-0.0880589	0.030329457	0.12862709	-0.119205214	0.0883803	0.06870658
0.13254948	0.17698304	-0.21158072	0.19321263	-0.2742194	-0.2966425	-0.20492083	0.26637036	-0.23668352	0.24385327	0.1949604	-0.21172248	-0.19660605	0.19364598	-0.19071935	-0.19026512
0.026111655	0.02757572	-0.08406835	0.0631913	-0.12080767	-0.04377831	-0.046718016	0.03538321	-0.11156311	0.10772641	0.056489963	-0.09588257	-0.021071099	0.10605392	-0.06721007	-0.06413613
0.098140106	0.17162827	-0.21855842	0.15388389	-0.2351206	-0.16198091	-0.16998546	0.21587598	-0.22625127	0.1354418	0.17252858	-0.13445182	-0.1846435	0.19311897	-0.15931463	-0.17011824
0.13414852	-0.09485986	0.124094486	-0.088412404	0.07055365	0.06696567	0.11774363	-0.06515354	0.039962668	-0.06471029	-0.10578385	0.12065088	0.11991823	-0.11139344	0.06937342	0.066812046
0.19183147	-0.005963374	0.019328004	-0.035767525	-0.046699557	-0.07180384	0.022747079	0.053602748	-0.039838813	-0.008412697	-0.0042962693	-0.04365934	-0.0062710396	-0.04402263	0.0037219469	0.035655804
-0.040049672	0.42127472	-0.45292613	0.35627782	-0.43805832	-0.4595854	-0.40219507	0.41942802	-0.45299372	0.39320073	0.45543036	-0.4707433	-0.42531705	0.48689896	-0.3788099	-0.4043225
0.3548589	-0.41107804	0.37194914	-0.31329983	0.26598355	0.17639881	0.44014278	-0.42004547	0.35293546	-0.43691435	-0.39422736	0.3811165	0.35658982	-0.36129242	0.3421459	0.38867062
-0.1268072	0.70734435	-0.6236804	0.6689594	-0.60544264	-0.5690852	-0.65709955	0.7102933	-0.6770455	0.6820172	0.66164047	-0.62103784	-0.6912053	0.73053765	-0.6724598	-0.7399575
0.049274698	0.42653868	-0.4550268	0.45575446	-0.39353517	-0.38673955	-0.40232036	0.45266333	-0.45053285	0.45567226	0.40278086	-0.40637836	-0.42621496	0.4441116	-0.45799685	-0.44067696
0.09690112	-0.14270099	0.12324513	-0.18201132	0.11404856	0.09504484	0.13138753	-0.1841846	0.15455322	-0.22285558	-0.21306267	0.19864754	0.16020666	-0.14507277	0.1527439	0.1467433
0.055127632	-0.05763362	0.037743412	-0.10626397	0.067493446	0.04140154	0.10650202	-0.13619816	0.077420466	-0.111177295	-0.06787532	0.12073364	0.09951965	-0.13023056	0.038082343	0.13159578
0.12548795	-0.42662892	0.35215974	-0.38669196	0.40234783	0.30661306	0.4318934	-0.38886458	0.4391112	-0.47920832	-0.41105807	0.3932606	0.44607168	-0.40202463	0.45767248	0.45685595
0.07905439	-0.0061412994	0.023878952	0.060619567	-0.017196735	-0.060598742	-0.02850117	0.016243024	-0.059917383	-0.008235171	-0.0012280548	-0.06698378	-0.07167542	0.032495327	-0.0035310916	-0.060572278
0.13423555	0.102906026	-0.038365945	0.043808565	-0.091889076	-0.13728003	-0.06000607	0.030344602	-0.049016546	0.07017888	0.007446024	-0.0812749	-0.026012395	0.049360625	-0.028937422	-0.06501204
0.38350615	-0.6133087	0.7298417	-0.668269	0.6026632	0.57022583	0.6980058	-0.7044279	0.6708801	-0.7604949	-0.7009576	0.6851121	0.658238	-0.69023585	0.68297833	0.71925133
0.28631273	-0.39648098	0.36996627	-0.38902658	0.36740094	0.3285859	0.41478828	-0.40055665	0.37985405	-0.46011278	-0.40397823	0.4189778	0.46848932	-0.44485626	0.3843135	0.46002647
0.28514382	-0.559077	0.57118505	-0.57925785	0.58814186	0.49008453	0.58035266	-0.6437363	0.61375725	-0.70100677	-0.6470805	0.5625942	0.66280794	-0.6813285	0.66377246	0.6077124
0.21331622	-0.376477	0.3891078	-0.4414467	0.43665966	0.36852118	0.41284716	-0.38093415	0.35039753	-0.39320776	-0.42141378	0.36601484	0.37448964	-0.42821437	0.43511853	0.40837517
0.2230167	0.26116738	-0.19795626	0.27437901	-0.27198705	-0.32723072	-0.2722377	0.24689	-0.29259032	0.26746258	0.24264558	-0.26244968	-0.24600598	0.23958161	-0.21008351	-0.31073868
0.14557965	0.61614996	-0.6297606	0.58967704	-0.64845675	-0.6477059	-0.56497186	0.6330548	-0.606202	0.6676176	0.64493144	-0.61422634	-0.6229266	0.6897943	-0.59100115	-0.5904943
0.25647146	-0.3722082	0.33977684	-0.36568898	0.29246807	0.31232187	0.3048229	-0.39599538	0.31522056	-0.3590677	-0.3497076	0.38240674	0.3063696	-0.34026888	0.3563867	0.34472373
0.33965302	-0.6405293	0.62462723	-0.60756516	0.60913235	0.5997305	0.5734801	-0.6310341	0.5758523	-0.72107345	-0.5985738	0.6540102	0.5909459	-0.6946855	0.64136475	0.5810268
-0.105083466	0.16836768	-0.23076513	0.22975533	-0.25693864	-0.20172901	-0.15775308	0.20273763	-0.16126402	0.22961624	0.194727	-0.2300852	-0.221419	0.26240575	-0.20647667	-0.18651733
0.2823046	-0.71939313	0.6452736	-0.73501956	0.72059935	0.6763834	0.69166887	-0.7772718	0.7091001	-0.7612602	-0.73157406	0.6873463	0.7394582	-0.6996694	0.6666942	0.7305547
0.3574548	-0.6947674	0.6837871	-0.60768837	0.6445813	0.5784843	0.62309414	-0.7091053	0.66245204	-0.6768911	-0.69194233	0.64286596	0.6927877	-0.67123145	0.6421358	0.6369807
0.114035696	0.12316065	-0.17675745	0.18087257	-0.2135659	-0.26184624	-0.12750605	0.13676935	-0.2155022	0.2165933	0.21596092	-0.20287661	-0.20493813	0.21448189	-0.20718586	-0.17749056
0.0955178	-0.18340525	0.21751086	-0.22577304	0.14792448	0.13118912	0.19094935	-0.22251685	0.2019606	-0.20150419	-0.16467921	0.20487988	0.17110749	-0.22960952	0.21685654	0.2374349
0.160155	-0.17398715	0.21091834	-0.15151942	0.17102787	0.07230092	0.17617296	-0.21982484	0.18922739	-0.1795027	-0.19219175	0.17283064	0.14757387	-0.14393711	0.16260378	0.12438986
-0.07662243	0.075904645	-0.12598102	0.066530384	-0.07972484	-0.015135418	-0.041825145	0.12955773	-0.07253095	0.088825	0.09397607	-0.10244195	-0.032513887	0.052262943	-0.08881708	-0.067165114
-0.05878057	0.114377655	-0.111551285	0.075628355	-0.08786852	-0.17420481	-0.08338971	0.12749788	-0.046966005	0.105624445	0.077823326	-0.12863676	-0.0957048	0.09349788	-0.14380945	-0.05791069
-0.0032583307	0.25715286	-0.3194369	0.32226792	-0.2577397	-0.27165544	-0.29008618	0.26276994	-0.31051987	0.271903	0.28937605	-0.26446852	-0.3087624	0.33235028	-0.26904675	-0.31433976
0.10601349	-0.007816965	-0.0062607243	0.019622656	-0.05185621	-0.04170022	-0.016638981	0.010186607	-0.013183609	0.0038044043	0.015686827	0.0016424262	-0.012769592	-0.022108896	-0.031068763	0.022813605
0.33856887	-0.54801416	0.5680691	-0.5250572	0.58579016	0.46169844	0.51512927	-0.6473512	0.52357376	-0.61171573	-0.60396796	0.58370006	0.5860006	-0.5708906	0.5846473	0.6330811
0.3142688	0.059397828	-0.05508119	0.08355438	-0.13198574	-0.069479555	-0.023399364	0.021330113	-0.022216642	0.038105685	0.06528788	-0.037933163	-0.061880335	0.046038844	-0.053484898	-0.06354138
0.11608365	0.19038832	-0.17621937	0.23489167	-0.19330007	-0.24558233	-0.16452539	0.21115269	-0.23896345	0.2634002	0.17944388	-0.1948731	-0.23220201	0.24303475	-0.18066578	-0.25141847
-0.012805649	0.48032802	-0.51461434	0.5664594	-0.46924782	-0.51499486	-0.48237172	0.5722169	-0.45550126	0.56496626	0.48249376	-0.49318025	-0.5611661	0.4900218	-0.53675735	-0.53708917
0.027303059	0.20905802	-0.19180858	0.31111518	-0.19330387	-0.23942116	-0.26023483	0.20097452	-0.20124821	0.29499632	0.28969043	-0.22068128	-0.22741301	0.2778256	-0.27881223	-0.21787967
-0.015741616	-0.046310678	-0.013357364	0.0059516476	0.031301875	-0.010146263	0.057319738	-0.011657512	0.06337484	0.01663226	-0.06616234	-0.044339523	0.0011760043	-0.015472652	0.005667617	0.0052395347
0.1617117	-0.21091926	0.116233125	-0.15471351	0.16918474	0.12606278	0.13033003	-0.15847121	0.14365578	-0.1382679	-0.15298675	0.15712938	0.16329885	-0.21712837	0.18938214	0.14382438
0.14892127	-0.025260685	0.014319835	-0.04984261	-0.064756125	-0.013321145	0.063412935	-0.01659031	0.056349684	-0.003528606	0.0021470904	-0.00647459	-0.006115419	0.0016869267	-0.024709165	-0.02516856
-0.12104585	0.24747244	-0.23558545	0.21151862	-0.2039786	-0.18983155	-0.17434925	0.25434393	-0.23907192	0.21871895	0.23122698	-0.2425712	-0.27026382	0.19891097	-0.20490965	-0.2863649
0.39761066	-0.61330587	0.6246985	-0.6678781	0.5927518	0.5876194	0.61149055	-0.61748517	0.56777984	-0.64905506	-0.68915784	0.6343204	0.62895125	-0.6742568	0.6240212	0.664651
0.13017948	-0.28755942	0.30801326	-0.37068412	0.3044592	0.31584775	0.3608946	-0.35383916	0.31071013	-0.3485268	-0.34634858	0.3709836	0.32371947	-0.3026748	0.31203845	0.30012777
0.33333892	-0.48091564	0.46523952	-0.50298977	0.36485672	0.2804758	0.49882096	-0.44412512	0.44606173	-0.45235112	-0.47755894	0.470495	0.4499454	-0.5151953	0.44235012	0.48901108
0.18991296	-0.42390737	0.3999153	-0.3727333	0.39575303	0.2976148	0.37923154	-0.42507565	0.40460476	-0.46353745	-0.46528557	0.46020082	0.48647973	-0.4384726	0.46831223	0.43258214
0.078906104	-0.31955147	0.2412322	-0.34319893	0.25454688	0.19202128	0.2918381	-0.32568297	0.25905555	-0.26182136	-0.25788924	0.27093253	0.2546022	-0.31899595	0.25100783	0.2736226
0.38731834	-0.5288358	0.5233199	-0.5024348	0.4602842	0.5169915	0.5835895	-0.58593047	0.48016798	-0.59539896	-0.53411067	0.5446004	0.60614413	-0.59941864	0.5861099	0.5863765
-0.01688161	0.08334044	-0.029467767	0.033237442	-0.062269505	-0.083708815	-0.07784915	0.031789195	0.0067280764	0.012650848	0.024710353	-0.08827649	-0.01320224	0.08028175	-0.034819018	-0.013343594
0.11772562	0.4696713	-0.48187628	0.46989745	-0.48963708	-0.4385629	-0.39954254	0.54138505	-0.48443523	0.55949026	0.47790292	-0.44936264	-0.5018583	0.49628603	-0.5441334	-0.48616537
0.1611006	0.022334466	-0.056276526	0.018426381	-0.04700862	-0.10629009	0.015508368	0.10267025	-0.011383998	0.06057913	0.06346034	-0.041319538	-0.02095393	0.04704363	-0.095145784	-0.06580754
0.06536023	0.046746287	-0.02150662	0.079074845	-0.13701361	-0.1003335	-0.1187334	0.095028356	-0.14385122	0.08773019	0.107115336	-0.048119146	-0.13155384	0.1441871	-0.09372032	-0.119743474
0.24887083	0.5060901	-0.5877028	0.5326026	-0.5854773	-0.5788908	-0.5187321	0.606759	-0.59270215	0.5973362	0.61966556	-0.5966602	-0.5325778	0.5735427	-0.5250545	-0.55950844
0.14558941	0.13669738	-0.1757335	0.21832827	-0.22954316	-0.19036658	-0.1529701	0.2002085	-0.2008257	0.15375501	0.23109965	-0.19878852	-0.18213195	0.1890868	-0.22856787	-0.19243103
0.19450662	-0.088957	0.08138638	-0.07481837	0.006894916	0.04332688	0.031206176	-0.027684167	0.06365964	-0.09521336	-0.10799837	0.041075557	0.0989057	-0.10412894	0.023733117	0.06297524
0.13922445	-0.3607577	0.33210182	-0.42802033	0.36164838	0.33766755	0.3967074	-0.42685348	0.41799533	-0.43669525	-0.37140563	0.37010574	0.3660836	-0.41955325	0.379181	0.41412085
0.43514282	-0.5703791	0.55849165	-0.5701792	0.5006714	0.48806968	0.5442393	-0.628461	0.593105	-0.58360165	-0.54065245	0.553919	0.5770057	-0.5533702	0.5662425	0.60367376
-0.33093148	0.64252055	-0.6171746	0.68665653	-0.63371575	-0.62740767	-0.6913526	0.7186413	-0.68140984	0.7684967	0.7365117	-0.6660736	-0.6675927	0.74387264	-0.66385627	-0.7204717
0.116036214	-0.20159316	0.24003886	-0.24479456	0.20971738	0.15316829	0.2711269	-0.21519896	0.2683425	-0.22846395	-0.26462042	0.24474718	0.25206837	-0.31552398	0.28190544	0.24994545
-0.07864044	0.6803993	-0.67174864	0.63410497	-0.65084255	-0.54793274	-0.6246071	0.6944545	-0.6787182	0.674231	0.6754801	-0.6472165	-0.66785663	0.64115846	-0.64098924	-0.6890917
-0.18813431	0.6631594	-0.6254442	0.70583296	-0.60689914	-0.6046398	-0.6511742	0.6809558	-0.6507817	0.72939116	0.6882281	-0.6885392	-0.699038	0.6329522	-0.6431023	-0.7306914
-0.117186345	0.509761	-0.5432924	0.46578467	-0.4833025	-0.5612867	-0.536307	0.4896148	-0.47472784	0.50562775	0.55266106	-0.52755606	-0.48380283	0.53953576	-0.5033728	-0.57568765
0.27405313	-0.32321027	0.36275938	-0.25578722	0.29993972	0.2860269	0.335432	-0.26973727	0.3179541	-0.3508184	-0.34815538	0.35015652	0.31341925	-0.3342078	0.32059407	0.301021
0.03139494	0.16697592	-0.15910311	0.2058248	-0.20942315	-0.156581	-0.13217966	0.1813968	-0.13791837	0.18448296	0.17013833	-0.22519234	-0.18682443	0.1931807	-0.22262473	-0.20030439
0.114851914	-0.054838333	0.103553645	-0.072839744	0.021874107	0.056589507	0.12066423	-0.04865366	0.124148354	-0.1325973	-0.1033395	0.0895661	0.08705665	-0.10472135	0.114409134	0.120422
0.041449644	-0.11048748	0.07516047	-0.11484073	0.1140657	0.062058005	0.091595806	-0.12541793	0.10997643	-0.121987164	-0.14325437	0.09880953	0.1408373	-0.10791113	0.10503416	0.18150808
0.15235306	0.06809143	-0.13057025	0.14655162	-0.17716116	-0.11365802	-0.10858644	0.09868303	-0.07112464	0.08481372	0.06152869	-0.11423943	-0.11274048	0.10873255	-0.095408335	-0.09267332
0.39364344	-0.6545208	0.62154007	-0.6595797	0.6587762	0.6494421	0.64290357	-0.6575441	0.68665963	-0.68347883	-0.64763236	0.67892456	0.66118157	-0.7042732	0.683651	0.7267898
0.21375665	-0.11739837	0.11983613	-0.06554118	0.1292813	0.08408884	0.08438999	-0.1617638	0.13236853	-0.16665246	-0.10368452	0.14769712	0.12135449	-0.106486894	0.14375035	0.16322808
0.0012885504	-0.03815296	-0.018700108	-0.010808254	0.03637124	-0.0043095294	0.008434381	0.033555243	0.0002605889	-0.02982938	-0.05700694	0.021947188	0.04111346	-0.051777355	0.06144392	-0.014618651
0.058960907	0.20973834	-0.20784713	0.25681648	-0.19853692	-0.25862464	-0.1696246	0.20661196	-0.18896362	0.27679935	0.17821664	-0.18578467	-0.20793325	0.24035056	-0.17938836	-0.23805077
0.25125274	-0.33818665	0.3607977	-0.31150854	0.31362778	0.32073238	0.3499983	-0.37904468	0.31895468	-0.41265032	-0.36987245	0.41693205	0.37592617	-0.42489988	0.37106752	0.35376382
0.3023294	-0.60418296	0.6096412	-0.6065444	0.5369261	0.5109895	0.6119932	-0.6309999	0.55600446	-0.62560266	-0.65468013	0.5790387	0.6819682	-0.6765144	0.6372865	0.62646925
0.043347336	0.14881417	-0.1051727	0.17569977	-0.13390473	-0.16449578	-0.10482799	0.08741795	-0.12881972	0.14443009	0.09048513	-0.13747998	-0.124317646	0.14096153	-0.090051405	-0.1350122
0.20750254	-0.32617453	0.3536853	-0.33872092	0.3109932	0.3209481	0.30377492	-0.41968736	0.3540975	-0.3551292	-0.36320597	0.3056457	0.37266922	-0.39682797	0.36390117	0.32730496
0.39351234	-0.648202	0.57902133	-0.67672694	0.5707878	0.59204	0.6496137	-0.6712556	0.64268446	-0.71112436	-0.64490044	0.657721	0.70875657	-0.63745606	0.7114533	0.6298497
0.3149351	-0.33257398	0.37566605	-0.32376984	0.32328722	0.30326238	0.3855605	-0.38509843	0.3356888	-0.35845497	-0.30941984	0.3690636	0.36297607	-0.3722026	0.31632113	0.314074
0.2187123	-0.43471256	0.5177872	-0.46081737	0.48368537	0.47446907	0.47270533	-0.5224345	0.43277183	-0.4920748	-0.532708	0.46279237	0.51421547	-0.49187043	0.47350737	0.5354943
0.01727088	0.24466313	-0.21154796	0.20981465	-0.20331626	-0.22039673	-0.24573126	0.20370254	-0.18641788	0.26355487	0.22133684	-0.19895616	-0.19210358	0.24464838	-0.18954223	-0.19666564
-0.015489209	0.1714166	-0.18181975	0.18264163	-0.25058797	-0.2776052	-0.20485213	0.23960172	-0.21016926	0.25897413	0.184827	-0.18892545	-0.21185188	0.22163998	-0.1782062	-0.16424122
-0.10871851	0.118176974	-0.058235865	0.06609909	-0.09128396	-0.049894866	-0.06861707	0.08058995	-0.058022257	0.025240378	0.04000054	-0.04102399	-0.03701645	0.055035744	-0.049936354	-0.12229791
0.15747546	0.35047492	-0.3441337	0.3622847	-0.3989919	-0.36849877	-0.34983742	0.40727547	-0.33085838	0.37810266	0.3399563	-0.34360212	-0.3222623	0.38595572	-0.35646346	-0.38787922
0.09224627	0.5548515	-0.51765007	0.57824266	-0.53088015	-0.55363977	-0.48697558	0.58808184	-0.55102456	0.6204366	0.5550519	-0.6060328	-0.5400753	0.5593383	-0.58598715	-0.5448472
0.12701304	0.52157426	-0.53805894	0.5239738	-0.57630897	-0.57828075	-0.5589916	0.59748954	-0.5580971	0.59460604	0.6098091	-0.562047	-0.5539639	0.6009955	-0.58833647	-0.55313677
0.026256315	0.465012	-0.4112654	0.43686983	-0.4382039	-0.45684183	-0.3762047	0.4900982	-0.47118974	0.44561008	0.42640823	-0.50029874	-0.49804148	0.43505093	-0.4962973	-0.50438064
0.026757535	0.15637875	-0.1899915	0.1938817	-0.18017095	-0.19248714	-0.1578303	0.23912837	-0.13174827	0.2341772	0.16664489	-0.15807126	-0.16873989	0.16695036	-0.2154303	-0.16336502
-0.08447463	0.35982996	-0.3520322	0.43593562	-0.40818182	-0.4147682	-0.3922647	0.3557152	-0.36055532	0.41761664	0.40175617	-0.44466424	-0.36524323	0.44097117	-0.35935792	-0.35910937
0.048392147	0.2563335	-0.3001796	0.25894397	-0.27995303	-0.22986938	-0.2893625	0.26821896	-0.30896068	0.33319157	0.23941171	-0.2867481	-0.31401762	0.33204314	-0.3169297	-0.31744075
0.1544469	-0.3010681	0.3512608	-0.3524421	0.2790686	0.23981777	0.29807395	-0.33974293	0.27858365	-0.31463265	-0.3061146	0.38606113	0.3174814	-0.33425596	0.35859463	0.30950227
-0.009406478	0.15381499	-0.13685259	0.1944539	-0.17507906	-0.21236008	-0.18131272	0.19835155	-0.19906737	0.18298784	0.13100424	-0.14171968	-0.1622195	0.16012596	-0.12353884	-0.13504663
0.07248507	0.24859749	-0.26530337	0.24515143	-0.2450389	-0.2872594	-0.24936019	0.2232	-0.2991445	0.31536612	0.3035372	-0.27316055	-0.22854434	0.3073166	-0.24245681	-0.22321393
0.3507984	0.41772714	-0.4522002	0.4125367	-0.47636887	-0.44169414	-0.338296	0.48067424	-0.4157703	0.45994738	0.41848108	-0.47472504	-0.49406785	0.48103026	-0.48864177	-0.49961147
0.2349482	-0.09814556	0.13844906	-0.13065122	0.072497435	0.02431994	0.1351584	-0.10625226	0.10747312	-0.11858433	-0.10161773	0.1352126	0.16635187	-0.10727858	0.17783122	0.1592072
0.11105139	0.24667886	-0.25375092	0.30351362	-0.29546335	-0.27723292	-0.24451965	0.3411227	-0.31197172	0.25868008	0.29047298	-0.2580142	-0.30302393	0.33048886	-0.31275177	-0.32257318
-0.0026631588	0.09885167	-0.061873302	0.059054736	-0.042705886	-0.04731517	-0.0636772	0.11567647	-0.091306016	0.11899158	0.10099368	-0.1378518	-0.10544614	0.13944408	-0.106430486	-0.058530197
0.03686783	-0.087254554	0.13767257	-0.12365448	0.11239423	0.040860575	0.15652923	-0.12622383	0.13086501	-0.12794039	-0.14511928	0.11186681	0.12407614	-0.12610091	0.10544591	0.092635125
-0.04401112	0.27405274	-0.21639845	0.26690772	-0.27550563	-0.2722156	-0.25388914	0.27285856	-0.23015207	0.25595394	0.21269578	-0.27311197	-0.30090377	0.2128559	-0.23586835	-0.26706436
0.009431347	0.10932545	-0.13629214	0.06551056	-0.040893808	-0.11642125	-0.12242365	0.07381932	-0.0946266	0.054366704	0.053196568	-0.09837748	-0.053495094	0.102796	-0.13418771	-0.05839415
0.10551987	0.06509748	-0.02779365	0.0465565	-0.06414103	-0.0041147005	-0.017595295	0.04361116	-0.04165398	-0.0007044597	0.012455924	-0.004019035	0.013269303	-0.018395387	-0.06004028	0.01343947
0.099842735	-0.032108158	0.05446131	0.016488075	0.032047577	-0.027076686	0.010658971	0.00011950503	0.055489082	-0.042562347	-0.018263524	0.032605104	-0.0072181853	-0.0459339	-0.00843657	-0.024911225
-0.029869681	-0.065844946	0.13015418	-0.040262606	0.05445851	0.09491906	0.1292273	-0.0866579	0.12746249	-0.112330854	-0.13531327	0.11827179	0.07989274	-0.08466381	0.069292404	0.056953233
-0.048317783	0.33932507	-0.24332488	0.32096586	-0.27637267	-0.2649899	-0.2612818	0.3234505	-0.24153721	0.27092165	0.31088048	-0.25505534	-0.28971073	0.33228117	-0.34029981	-0.3099664
0.08261113	-0.16556013	0.14552344	-0.15781902	0.084132686	0.055783935	0.12846234	-0.18580465	0.14992075	-0.12547523	-0.17077798	0.17163968	0.10888106	-0.17638777	0.14441018	0.17603989
-0.20905092	0.26122248	-0.2897134	0.2532617	-0.27016863	-0.27532804	-0.2993553	0.21694574	-0.29783028	0.30165568	0.21982694	-0.2641492	-0.23601724	0.24168876	-0.3208254	-0.3070556
-0.27609366	0.5406488	-0.56724864	0.57471067	-0.5801825	-0.60737604	-0.6050183	0.59498584	-0.5439071	0.6929979	0.58066165	-0.636664	-0.58416057	0.6759775	-0.5843864	-0.6488118
0.16796657	-0.07034809	0.06588569	-0.11027678	0.085492715	0.015627127	0.07474448	-0.119885996	0.09844241	-0.13470873	-0.077237755	0.11096036	0.049870096	-0.06934748	0.08499027	0.08245132
0.15286161	-0.27216023	0.34419027	-0.28511825	0.31088844	0.19717617	0.31691676	-0.35280153	0.32414305	-0.28467196	-0.29422185	0.26844037	0.28827995	-0.3796108	0.29575098	0.34431756
-0.061615456	0.5455463	-0.5262542	0.53828996	-0.58844584	-0.5022929	-0.5252072	0.6321439	-0.52437335	0.57853687	0.54305387	-0.5431668	-0.54615515	0.63019145	-0.59021175	-0.56497395
-0.09940626	0.36523992	-0.31228423	0.3743593	-0.26740792	-0.28887308	-0.2899001	0.31662133	-0.33621556	0.3769835	0.40049502	-0.3228156	-0.36637044	0.30418766	-0.33787706	-0.36458606
-0.07492714	0.16060081	-0.13929267	0.09306384	-0.124214396	-0.1295008	-0.14002545	0.08469062	-0.08022857	0.11225908	0.1114403	-0.0980095	-0.1346039	0.07548105	-0.114372596	-0.10285491
0.14757867	0.13162501	-0.15565506	0.15870106	-0.18851857	-0.24138321	-0.097917795	0.15279312	-0.16300781	0.10911435	0.16023064	-0.08052736	-0.12731804	0.12039062	-0.09487317	-0.09515235
0.256843	-0.36697632	0.37258345	-0.3641138	0.3509104	0.36148342	0.3546696	-0.42747527	0.39067176	-0.46332377	-0.41630247	0.4380264	0.43872106	-0.43252182	0.4276724	0.4466255
0.22896539	-0.004878133	-0.044794563	0.0040728045	-0.07532716	-0.081256524	0.012459945	0.02546598	0.0057105776	-0.0047064223	0.009948665	0.017824983	-0.060281865	0.03451134	-0.017996423	0.011842347
0.09385158	-0.045335528	0.010421961	-0.005612825	0.033858374	0.042260926	0.04782123	-0.04810646	0.067874365	0.002060694	0.022968685	-0.022066547	-0.012386282	-0.03347908	-0.014155335	0.056442752
0.19058833	0.066358596	-0.011925528	0.111304365	-0.12941897	-0.12973002	0.001720018	0.04538392	-0.0901371	0.009336613	0.06703454	-0.057452112	-0.07916828	0.085821114	-0.033654634	-0.030427175
0.08487286	0.102243416	-0.11316967	0.085208744	-0.098272964	-0.078139216	-0.117326744	0.12391727	-0.12043611	0.06140203	0.13136055	-0.07721594	-0.07507943	0.14163786	-0.10282841	-0.050539512
-0.0007589767	-0.014371636	0.0061023408	0.07549182	-0.02087334	-0.084030874	0.01699027	0.021624064	-0.0022173123	0.0062953103	0.06165603	-0.06780307	-0.035409488	0.047365937	-0.026483128	-0.02439559
0.10804609	-0.10470559	0.092491046	-0.14202665	0.120406516	0.15551761	0.14033146	-0.14361042	0.14877814	-0.17247534	-0.16069429	0.12540543	0.10802424	-0.13830633	0.10138172	0.17342371
0.073953316	-0.122254685	0.106036596	-0.063755594	0.10198656	0.07978276	0.08007915	-0.0620281	0.040382333	-0.09143968	-0.08312978	0.10995789	0.123384155	-0.13548379	0.08867577	0.07597882
-0.07877641	0.49535555	-0.5563046	0.544584	-0.5298843	-0.5603588	-0.5081231	0.59332293	-0.47204188	0.585608	0.5545335	-0.59676665	-0.6071661	0.5901953	-0.60464257	-0.549743
0.12955186	-0.03276009	0.027560584	0.00170785	0.06990944	0.013329278	0.023623208	-0.046158608	-0.0137856435	-0.050164968	-0.019079925	0.036737062	0.081556946	-0.046763185	-0.009187549	0.014998816
-0.19418414	0.4384984	-0.4399776	0.4234627	-0.3726947	-0.4312909	-0.35936746	0.4273732	-0.38270915	0.40648505	0.4247373	-0.38734674	-0.45420498	0.45053327	-0.3512075	-0.43132636
0.05420459	0.5423509	-0.4794223	0.51536024	-0.46582395	-0.46501398	-0.49795502	0.5669173	-0.5199844	0.5213585	0.50552994	-0.47299564	-0.5258871	0.5281741	-0.50312346	-0.4956727
0.14760743	0.4610624	-0.49237373	0.47344932	-0.4770651	-0.49145705	-0.46356273	0.55095804	-0.47404677	0.50754875	0.534134	-0.42658663	-0.5386635	0.46369573	-0.52548516	-0.54921234
0.23068242	-0.5037696	0.5708622	-0.51880336	0.48710185	0.5014882	0.5335841	-0.5983337	0.53295606	-0.5197427	-0.5625115	0.49197885	0.5244694	-0.54277396	0.581357	0.61421525
0.26675126	-0.56571025	0.58811754	-0.55003166	0.4983948	0.52186996	0.51997936	-0.5119921	0.5414036	-0.60176045	-0.5394653	0.59942085	0.5522248	-0.5446732	0.491643	0.50964576
0.09572146	-0.19395354	0.21565925	-0.15700465	0.16411996	0.1695217	0.19947153	-0.19518855	0.21086709	-0.20457907	-0.18455145	0.20496517	0.20276396	-0.19796665	0.15361236	0.22372904
0.05471235	-0.13566202	0.034827694	-0.044835735	0.09552834	0.063539796	0.120328814	-0.13462444	0.060895335	-0.08786121	-0.061390568	0.060517263	0.058188997	-0.07238507	0.12796044	0.13943776
0.32946295	-0.6335862	0.6156146	-0.57171494	0.56371915	0.5930188	0.60550433	-0.59132576	0.53692436	-0.60061806	-0.6032324	0.58754736	0.63583595	-0.65540355	0.61195385	0.5876415
-0.011619569	-0.04951189	0.02193453	-0.07498957	0.051204156	0.03821453	0.068343066	-0.0026837299	0.021245543	-0.06630017	-0.061762296	0.03839975	0.041523855	-0.0067785	0.019985478	0.06715546
0.22325516	-0.5217677	0.5154383	-0.48686808	0.5370754	0.43619123	0.546415	-0.5067917	0.49243328	-0.57404894	-0.51019245	0.53288347	0.54508156	-0.54514754	0.54425275	0.52412707
0.031236498	0.045468375	-0.016125306	0.030803686	-0.031563904	-0.09800334	-0.086153954	0.103061	-0.08730347	0.062154744	0.042025514	-0.024250317	-0.06371735	0.08611169	-0.09458478	-0.05544114
0.10541657	0.22497705	-0.23422176	0.24100661	-0.2962615	-0.33977592	-0.18503891	0.2558608	-0.2418639	0.25912	0.25871632	-0.29109186	-0.2529349	0.25073743	-0.26435637	-0.23193869
-0.0023790263	0.2734896	-0.26120505	0.27099797	-0.29827145	-0.34958652	-0.22005598	0.24610402	-0.27168897	0.32836375	0.29289982	-0.24376124	-0.31216863	0.3312671	-0.3097484	-0.32551196
-0.15735841	0.17335187	-0.18989836	0.24138427	-0.17728925	-0.21485732	-0.22869296	0.23050822	-0.1985109	0.23993127	0.18828636	-0.16496587	-0.2156486	0.17920244	-0.2492496	-0.16458517
0.1305881	-0.35726383	0.31290358	-0.30563667	0.31894308	0.3140309	0.329988	-0.31513247	0.27763835	-0.31895235	-0.38569734	0.26560557	0.3564918	-0.33964834	0.34857905	0.3580503
0.000773311	0.1008077	-0.075489886	0.06675512	-0.090842366	-0.06160451	-0.054121137	0.13326365	-0.13779467	0.10245264	0.05252505	-0.13704798	-0.042834245	0.10235121	-0.08274379	-0.09473258
0.1346691	0.5327824	-0.47787875	0.514214	-0.5097129	-0.5590878	-0.44820797	0.5189388	-0.5141654	0.56695265	0.54444796	-0.51875144	-0.57854456	0.554236	-0.5290902	-0.5017764
0.13613713	-0.195713	0.24558054	-0.2207618	0.177122	0.15130582	0.2095054	-0.26479772	0.21825218	-0.25809568	-0.25823528	0.25729224	0.1727806	-0.2310006	0.21247333	0.25860244
0.2687375	-0.39068392	0.39269808	-0.4372974	0.33899078	0.4040472	0.40534225	-0.41134173	0.39735538	-0.44199046	-0.446095	0.4403763	0.4047823	-0.442916	0.36640847	0.42766014
-0.042891547	0.21549991	-0.18008046	0.28738737	-0.25293475	-0.17059086	-0.17712714	0.22984828	-0.23466504	0.23995642	0.21222623	-0.21035485	-0.2487878	0.20503657	-0.24184218	-0.21054986
0.15124339	0.20444515	-0.19836183	0.22150254	-0.21774058	-0.24356182	-0.19481462	0.20666113	-0.17064536	0.2779092	0.21812336	-0.20758583	-0.18765406	0.18637964	-0.18497859	-0.21590479
0.17063175	-0.08881303	0.092303514	-0.025983334	0.07364034	-0.04925026	0.102403246	-0.025870541	0.03566858	-0.11931628	-0.08982266	0.07095102	0.092634276	-0.06091356	0.115175515	0.08249699
0.33626276	-0.5441301	0.58355004	-0.5448771	0.5859712	0.56731254	0.62130666	-0.6730262	0.5967555	-0.6158312	-0.5685371	0.61479527	0.6047742	-0.6163383	0.6139844	0.6321969
0.09623763	-0.097469814	0.16543876	-0.17013632	0.14828806	0.10660676	0.08604504	-0.14837311	0.11065817	-0.16400158	-0.16542026	0.16486908	0.11343702	-0.11269891	0.14345299	0.12603159
0.13027069	-0.32455134	0.23382774	-0.3243093	0.23581672	0.23734371	0.26602185	-0.25337297	0.28831795	-0.2914418	-0.2706554	0.27464306	0.28653002	-0.27369764	0.3258032	0.2920725
-0.13154823	0.17116532	-0.22666924	0.18297076	-0.20805009	-0.20030107	-0.1273021	0.14446203	-0.14233184	0.1515854	0.16447096	-0.14273189	-0.17996687	0.2102309	-0.1473791	-0.15870668
-0.061295	0.24327515	-0.2228135	0.1610608	-0.20591949	-0.17755675	-0.17514266	0.19366263	-0.19491255	0.20682468	0.18477377	-0.23063046	-0.18780391	0.1955679	-0.1939092	-0.23927052
-0.2001242	0.3381919	-0.37841824	0.3405525	-0.3038402	-0.33326635	-0.33500037	0.35138327	-0.38244617	0.40128163	0.3310635	-0.3675944	-0.40261036	0.3867677	-0.3771626	-0.3798224
-0.35683885	0.6474333	-0.6448551	0.613317	-0.56891507	-0.624716	-0.6081895	0.64579546	-0.65820473	0.6370428	0.59205204	-0.58485365	-0.67219263	0.703422	-0.61426234	-0.6802682
0.31946003	-0.54046386	0.570623	-0.6180963	0.52388966	0.4821516	0.56358445	-0.61812663	0.5832978	-0.6400309	-0.54354846	0.6062045	0.5920954	-0.5705157	0.5613476	0.61786187
-0.04890897	-0.015836257	0.04932439	-0.07451972	-0.010353768	0.0066814963	-0.005822748	-0.067846	0.06287064	-0.07691516	-0.07486542	0.02589559	0.050453328	-0.08525011	-0.011117272	-0.0034626145
0.21834451	-0.19474725	0.16073695	-0.1749984	0.18097068	0.10776846	0.16083975	-0.16683295	0.17872293	-0.26174992	-0.17516485	0.23250256	0.17518118	-0.25167495	0.21213666	0.15869631
-0.06680623	0.047281098	-0.014608094	0.020688497	-0.047421083	0.0058433386	-0.06412358	0.035262726	-0.009362562	0.0636024	0.07716662	-0.041129503	-0.030242482	-0.0013236825	-0.0022427372	-0.017242817
0.21247023	-0.10590684	0.16818127	-0.11666602	0.11272653	0.08620521	0.19495022	-0.129573	0.14646204	-0.14196083	-0.15110628	0.13831379	0.1548539	-0.15418394	0.17600647	0.1570442
0.30241215	-0.40826946	0.4442469	-0.36431605	0.44148958	0.38260418	0.40055865	-0.40641627	0.40303627	-0.40755475	-0.3757326	0.4028223	0.44861314	-0.46425042	0.37177226	0.45085308
0.33482257	-0.6035218	0.5742406	-0.640437	0.5730117	0.59263664	0.59381187	-0.58327043	0.6047072	-0.629931	-0.6086284	0.57193613	0.6435242	-0.6157073	0.6366368	0.5693963
0.20865078	-0.07983867	0.082963906	-0.076076865	0.05939904	-0.046718575	0.12376023	-0.124193616	0.07356526	-0.054226477	-0.038199954	0.045026805	0.11971028	-0.093485184	0.118260406	0.06483883
-0.14804262	0.52135307	-0.5467825	0.6116666	-0.5730923	-0.590091	-0.55949765	0.6227223	-0.5161366	0.59737796	0.5542484	-0.5341609	-0.5309051	0.6117875	-0.56514126	-0.550164
0.15717539	-0.12572135	0.19829275	-0.22251725	0.17326401	0.07728996	0.1608254	-0.1857428	0.15034826	-0.1697748	-0.16142169	0.21766128	0.14429732	-0.23330238	0.16980697	0.1999185
0.14697641	0.03949589	0.042770267	-0.045816805	-0.060176205	-0.055034127	0.02201252	0.025119385	0.007608074	-0.010691057	-0.056266945	-0.03596353	-0.018564478	-0.026806543	-0.009446546	0.018480359
0.2109459	0.15716499	-0.15438168	0.14975871	-0.22512262	-0.25637528	-0.13984771	0.15703233	-0.11452667	0.15637285	0.12563199	-0.11961758	-0.12375314	0.17683905	-0.19696388	-0.17662017
0.2979259	-0.3722768	0.43034953	-0.45722234	0.41605067	0.3594008	0.3938193	-0.43825996	0.4170446	-0.45661956	-0.3797828	0.3835444	0.4242424	-0.41057804	0.41175514	0.4478076
0.10379396	0.08402209	-0.10233659	0.05526249	-0.09914523	-0.09832185	-0.066574	0.09644875	-0.03131531	0.03202498	0.09346753	-0.033970874	-0.060021594	0.06878089	-0.046076797	-0.1071085
0.099728525	0.5147564	-0.48633417	0.51321626	-0.52198464	-0.4914467	-0.44783846	0.5596278	-0.50425583	0.5908619	0.52527726	-0.47966996	-0.51086	0.5667814	-0.51617277	-0.5152678
0.17955409	0.40108374	-0.38085803	0.38601723	-0.36480424	-0.41391903	-0.34603226	0.35155973	-0.34623617	0.37989745	0.35293126	-0.3582314	-0.4037708	0.38216543	-0.40678775	-0.38375002
0.30305788	-0.054595705	0.17156208	-0.07670943	0.006664504	-0.02926384	0.08458031	-0.08292426	0.11151062	-0.102547176	-0.15057555	0.13051453	0.14132428	-0.10392344	0.088708	0.065584116
0.123937435	-0.028166778	0.05056245	-0.07165322	0.06518241	0.059092857	0.043689623	-0.077996954	0.082500495	-0.12821294	-0.05313394	0.0832523	0.12035513	-0.057559054	0.09772805	0.033427767
0.066244304	-0.070902854	0.12021282	-0.13138686	0.1569987	0.1020579	0.15665168	-0.16036452	0.07997021	-0.15276174	-0.112269446	0.15594642	0.12089549	-0.18438964	0.16053979	0.083007015
-0.0023893923	0.38279444	-0.3998638	0.43369916	-0.38728523	-0.47281164	-0.3517259	0.42497638	-0.41129336	0.45409796	0.3917997	-0.4412889	-0.42585918	0.45357296	-0.40260616	-0.44433525
